else if (idxbra==1 && idxket==1)
{
    mtx = -(Ftpe1*(q2x*q3x + q2y*q3y + q2z*q3z)*Ybra(0,0,0,0,thetapp,phipp,thetaqp,phiqp,wigner)*Yket(0,0,0,0,thetaq,wigner));
    return mtx;
}
else if (idxbra==1 && idxket==2)
{
    mtx = 0;
    return mtx;
}
else if (idxbra==1 && idxket==3)
{
    mtx = 0;
    return mtx;
}
else if (idxbra==1 && idxket==4)
{
    mtx = 0;
    return mtx;
}
else if (idxbra==1 && idxket==5)
{
    mtx = 0;
    return mtx;
}
else if (idxbra==1 && idxket==6)
{
    mtx = 0;
    return mtx;
}
else if (idxbra==1 && idxket==7)
{
    mtx = (Ftpe1*Ybra(0,0,0,0,thetapp,phipp,thetaqp,phiqp,wigner)*((q2z*(q3x + Complex(0,1)*q3y) - (q2x + Complex(0,1)*q2y)*q3z)*Yket(1,-1,1,1,thetaq,wigner) + Complex(0,1)*Sqrt(2)*(q2y*q3x - q2x*q3y)*Yket(1,0,1,1,thetaq,wigner) + (q2z*q3x - Complex(0,1)*q2z*q3y - q2x*q3z + Complex(0,1)*q2y*q3z)*Yket(1,1,1,1,thetaq,wigner)))/(3.*Sqrt(2));
    return mtx;
}
else if (idxbra==1 && idxket==8)
{
    mtx = (Ftpe1*Ybra(0,0,0,0,thetapp,phipp,thetaqp,phiqp,wigner)*((q2z*(q3x + Complex(0,1)*q3y) - (q2x + Complex(0,1)*q2y)*q3z)*Yket(1,-1,1,1,thetaq,wigner) + Complex(0,1)*Sqrt(2)*(q2y*q3x - q2x*q3y)*Yket(1,0,1,1,thetaq,wigner) + (q2z*q3x - Complex(0,1)*q2z*q3y - q2x*q3z + Complex(0,1)*q2y*q3z)*Yket(1,1,1,1,thetaq,wigner)))/3.;
    return mtx;
}
else if (idxbra==1 && idxket==9)
{
    mtx = 0;
    return mtx;
}
else if (idxbra==1 && idxket==10)
{
    mtx = -(Ftpe1*(q2x*q3x + q2y*q3y + q2z*q3z)*Ybra(0,0,0,0,thetapp,phipp,thetaqp,phiqp,wigner)*Yket(0,0,2,2,thetaq,wigner));
    return mtx;
}
else if (idxbra==1 && idxket==11)
{
    mtx = 0;
    return mtx;
}
else if (idxbra==1 && idxket==12)
{
    mtx = 0;
    return mtx;
}
else if (idxbra==1 && idxket==13)
{
    mtx = 0;
    return mtx;
}
else if (idxbra==1 && idxket==14)
{
    mtx = 0;
    return mtx;
}
else if (idxbra==1 && idxket==15)
{
    mtx = 0;
    return mtx;
}
else if (idxbra==1 && idxket==16)
{
    mtx = 0;
    return mtx;
}
else if (idxbra==2 && idxket==1)
{
    mtx = 0;
    return mtx;
}
else if (idxbra==2 && idxket==2)
{
    mtx = -(Ftpe1*(q2x*q3x + q2y*q3y + q2z*q3z)*Ybra(0,0,0,0,thetapp,phipp,thetaqp,phiqp,wigner)*Yket(0,0,0,0,thetaq,wigner));
    return mtx;
}
else if (idxbra==2 && idxket==3)
{
    mtx = (Ftpe1*Ybra(0,0,0,0,thetapp,phipp,thetaqp,phiqp,wigner)*(Sqrt(3)*(q2x + Complex(0,1)*q2y)*(q3x + Complex(0,1)*q3y)*Yket(2,-2,0,2,thetaq,wigner) + Sqrt(3)*(q2z*q3x + Complex(0,1)*q2z*q3y + q2x*q3z + Complex(0,1)*q2y*q3z)*Yket(2,-1,0,2,thetaq,wigner) - Sqrt(2)*q2x*q3x*Yket(2,0,0,2,thetaq,wigner) - Sqrt(2)*q2y*q3y*Yket(2,0,0,2,thetaq,wigner) + 2*Sqrt(2)*q2z*q3z*Yket(2,0,0,2,thetaq,wigner) - Sqrt(3)*q2z*q3x*Yket(2,1,0,2,thetaq,wigner) + Complex(0,1)*Sqrt(3)*q2z*q3y*Yket(2,1,0,2,thetaq,wigner) - Sqrt(3)*q2x*q3z*Yket(2,1,0,2,thetaq,wigner) + Complex(0,1)*Sqrt(3)*q2y*q3z*Yket(2,1,0,2,thetaq,wigner) + Sqrt(3)*q2x*q3x*Yket(2,2,0,2,thetaq,wigner) - Complex(0,1)*Sqrt(3)*q2y*q3x*Yket(2,2,0,2,thetaq,wigner) - Complex(0,1)*Sqrt(3)*q2x*q3y*Yket(2,2,0,2,thetaq,wigner) - Sqrt(3)*q2y*q3y*Yket(2,2,0,2,thetaq,wigner)))/Sqrt(5);
    return mtx;
}
else if (idxbra==2 && idxket==4)
{
    mtx = 0;
    return mtx;
}
else if (idxbra==2 && idxket==5)
{
    mtx = (Ftpe1*Ybra(0,0,0,0,thetapp,phipp,thetaqp,phiqp,wigner)*((q2z*(q3x + Complex(0,1)*q3y) - (q2x + Complex(0,1)*q2y)*q3z)*Yket(1,-1,1,1,thetaq,wigner) + Complex(0,1)*Sqrt(2)*(q2y*q3x - q2x*q3y)*Yket(1,0,1,1,thetaq,wigner) + (q2z*q3x - Complex(0,1)*q2z*q3y - q2x*q3z + Complex(0,1)*q2y*q3z)*Yket(1,1,1,1,thetaq,wigner)))/Sqrt(2);
    return mtx;
}
else if (idxbra==2 && idxket==6)
{
    mtx = 0;
    return mtx;
}
else if (idxbra==2 && idxket==7)
{
    mtx = 0;
    return mtx;
}
else if (idxbra==2 && idxket==8)
{
    mtx = 0;
    return mtx;
}
else if (idxbra==2 && idxket==9)
{
    mtx = 0;
    return mtx;
}
else if (idxbra==2 && idxket==10)
{
    mtx = 0;
    return mtx;
}
else if (idxbra==2 && idxket==11)
{
    mtx = 0;
    return mtx;
}
else if (idxbra==2 && idxket==12)
{
    mtx = -(Ftpe1*(q2x*q3x + q2y*q3y + q2z*q3z)*Ybra(0,0,0,0,thetapp,phipp,thetaqp,phiqp,wigner)*Yket(0,0,2,2,thetaq,wigner));
    return mtx;
}
else if (idxbra==2 && idxket==13)
{
    mtx = 0;
    return mtx;
}
else if (idxbra==2 && idxket==14)
{
    mtx = 0;
    return mtx;
}
else if (idxbra==2 && idxket==15)
{
    mtx = (Ftpe1*Ybra(0,0,0,0,thetapp,phipp,thetaqp,phiqp,wigner)*(Sqrt(3)*(q2x + Complex(0,1)*q2y)*(q3x + Complex(0,1)*q3y)*Yket(2,-2,2,0,thetaq,wigner) + Sqrt(3)*(q2z*q3x + Complex(0,1)*q2z*q3y + q2x*q3z + Complex(0,1)*q2y*q3z)*Yket(2,-1,2,0,thetaq,wigner) - Sqrt(2)*q2x*q3x*Yket(2,0,2,0,thetaq,wigner) - Sqrt(2)*q2y*q3y*Yket(2,0,2,0,thetaq,wigner) + 2*Sqrt(2)*q2z*q3z*Yket(2,0,2,0,thetaq,wigner) - Sqrt(3)*q2z*q3x*Yket(2,1,2,0,thetaq,wigner) + Complex(0,1)*Sqrt(3)*q2z*q3y*Yket(2,1,2,0,thetaq,wigner) - Sqrt(3)*q2x*q3z*Yket(2,1,2,0,thetaq,wigner) + Complex(0,1)*Sqrt(3)*q2y*q3z*Yket(2,1,2,0,thetaq,wigner) + Sqrt(3)*q2x*q3x*Yket(2,2,2,0,thetaq,wigner) - Complex(0,1)*Sqrt(3)*q2y*q3x*Yket(2,2,2,0,thetaq,wigner) - Complex(0,1)*Sqrt(3)*q2x*q3y*Yket(2,2,2,0,thetaq,wigner) - Sqrt(3)*q2y*q3y*Yket(2,2,2,0,thetaq,wigner)))/Sqrt(5);
    return mtx;
}
else if (idxbra==2 && idxket==16)
{
    mtx = (Ftpe1*Ybra(0,0,0,0,thetapp,phipp,thetaqp,phiqp,wigner)*(Sqrt(3)*(q2x + Complex(0,1)*q2y)*(q3x + Complex(0,1)*q3y)*Yket(2,-2,2,2,thetaq,wigner) + Sqrt(3)*(q2z*q3x + Complex(0,1)*q2z*q3y + q2x*q3z + Complex(0,1)*q2y*q3z)*Yket(2,-1,2,2,thetaq,wigner) - Sqrt(2)*q2x*q3x*Yket(2,0,2,2,thetaq,wigner) - Sqrt(2)*q2y*q3y*Yket(2,0,2,2,thetaq,wigner) + 2*Sqrt(2)*q2z*q3z*Yket(2,0,2,2,thetaq,wigner) - Sqrt(3)*q2z*q3x*Yket(2,1,2,2,thetaq,wigner) + Complex(0,1)*Sqrt(3)*q2z*q3y*Yket(2,1,2,2,thetaq,wigner) - Sqrt(3)*q2x*q3z*Yket(2,1,2,2,thetaq,wigner) + Complex(0,1)*Sqrt(3)*q2y*q3z*Yket(2,1,2,2,thetaq,wigner) + Sqrt(3)*q2x*q3x*Yket(2,2,2,2,thetaq,wigner) - Complex(0,1)*Sqrt(3)*q2y*q3x*Yket(2,2,2,2,thetaq,wigner) - Complex(0,1)*Sqrt(3)*q2x*q3y*Yket(2,2,2,2,thetaq,wigner) - Sqrt(3)*q2y*q3y*Yket(2,2,2,2,thetaq,wigner)))/Sqrt(5);
    return mtx;
}
else if (idxbra==3 && idxket==1)
{
    mtx = 0;
    return mtx;
}
else if (idxbra==3 && idxket==2)
{
    mtx = (Ftpe1*(Sqrt(3)*(q2x - Complex(0,1)*q2y)*(q3x - Complex(0,1)*q3y)*Ybra(2,-2,0,2,thetapp,phipp,thetaqp,phiqp,wigner) + Sqrt(3)*(q2z*q3x - Complex(0,1)*q2z*q3y + q2x*q3z - Complex(0,1)*q2y*q3z)*Ybra(2,-1,0,2,thetapp,phipp,thetaqp,phiqp,wigner) - Sqrt(2)*q2x*q3x*Ybra(2,0,0,2,thetapp,phipp,thetaqp,phiqp,wigner) - Sqrt(2)*q2y*q3y*Ybra(2,0,0,2,thetapp,phipp,thetaqp,phiqp,wigner) + 2*Sqrt(2)*q2z*q3z*Ybra(2,0,0,2,thetapp,phipp,thetaqp,phiqp,wigner) - Sqrt(3)*q2z*q3x*Ybra(2,1,0,2,thetapp,phipp,thetaqp,phiqp,wigner) - Complex(0,1)*Sqrt(3)*q2z*q3y*Ybra(2,1,0,2,thetapp,phipp,thetaqp,phiqp,wigner) - Sqrt(3)*q2x*q3z*Ybra(2,1,0,2,thetapp,phipp,thetaqp,phiqp,wigner) - Complex(0,1)*Sqrt(3)*q2y*q3z*Ybra(2,1,0,2,thetapp,phipp,thetaqp,phiqp,wigner) + Sqrt(3)*q2x*q3x*Ybra(2,2,0,2,thetapp,phipp,thetaqp,phiqp,wigner) + Complex(0,1)*Sqrt(3)*q2y*q3x*Ybra(2,2,0,2,thetapp,phipp,thetaqp,phiqp,wigner) + Complex(0,1)*Sqrt(3)*q2x*q3y*Ybra(2,2,0,2,thetapp,phipp,thetaqp,phiqp,wigner) - Sqrt(3)*q2y*q3y*Ybra(2,2,0,2,thetapp,phipp,thetaqp,phiqp,wigner))*Yket(0,0,0,0,thetaq,wigner))/Sqrt(5);
    return mtx;
}
else if (idxbra==3 && idxket==3)
{
    mtx = -0.05*(Ftpe1*(2*Sqrt(6)*q2x*q3x*Ybra(2,0,0,2,thetapp,phipp,thetaqp,phiqp,wigner)*Yket(2,-2,0,2,thetaq,wigner) + Complex(0,2)*Sqrt(6)*q2y*q3x*Ybra(2,0,0,2,thetapp,phipp,thetaqp,phiqp,wigner)*Yket(2,-2,0,2,thetaq,wigner) + Complex(0,2)*Sqrt(6)*q2x*q3y*Ybra(2,0,0,2,thetapp,phipp,thetaqp,phiqp,wigner)*Yket(2,-2,0,2,thetaq,wigner) - 2*Sqrt(6)*q2y*q3y*Ybra(2,0,0,2,thetapp,phipp,thetaqp,phiqp,wigner)*Yket(2,-2,0,2,thetaq,wigner) - Sqrt(6)*q2z*q3x*Ybra(2,0,0,2,thetapp,phipp,thetaqp,phiqp,wigner)*Yket(2,-1,0,2,thetaq,wigner) - Complex(0,1)*Sqrt(6)*q2z*q3y*Ybra(2,0,0,2,thetapp,phipp,thetaqp,phiqp,wigner)*Yket(2,-1,0,2,thetaq,wigner) - Sqrt(6)*q2x*q3z*Ybra(2,0,0,2,thetapp,phipp,thetaqp,phiqp,wigner)*Yket(2,-1,0,2,thetaq,wigner) - Complex(0,1)*Sqrt(6)*q2y*q3z*Ybra(2,0,0,2,thetapp,phipp,thetaqp,phiqp,wigner)*Yket(2,-1,0,2,thetaq,wigner) + 6*q2x*q3x*Ybra(2,1,0,2,thetapp,phipp,thetaqp,phiqp,wigner)*Yket(2,-1,0,2,thetaq,wigner) + Complex(0,6)*q2y*q3x*Ybra(2,1,0,2,thetapp,phipp,thetaqp,phiqp,wigner)*Yket(2,-1,0,2,thetaq,wigner) + Complex(0,6)*q2x*q3y*Ybra(2,1,0,2,thetapp,phipp,thetaqp,phiqp,wigner)*Yket(2,-1,0,2,thetaq,wigner) - 6*q2y*q3y*Ybra(2,1,0,2,thetapp,phipp,thetaqp,phiqp,wigner)*Yket(2,-1,0,2,thetaq,wigner) + 8*q2x*q3x*Ybra(2,0,0,2,thetapp,phipp,thetaqp,phiqp,wigner)*Yket(2,0,0,2,thetaq,wigner) + 8*q2y*q3y*Ybra(2,0,0,2,thetapp,phipp,thetaqp,phiqp,wigner)*Yket(2,0,0,2,thetaq,wigner) - 4*q2z*q3z*Ybra(2,0,0,2,thetapp,phipp,thetaqp,phiqp,wigner)*Yket(2,0,0,2,thetaq,wigner) + Sqrt(6)*q2z*q3x*Ybra(2,1,0,2,thetapp,phipp,thetaqp,phiqp,wigner)*Yket(2,0,0,2,thetaq,wigner) + Complex(0,1)*Sqrt(6)*q2z*q3y*Ybra(2,1,0,2,thetapp,phipp,thetaqp,phiqp,wigner)*Yket(2,0,0,2,thetaq,wigner) + Sqrt(6)*q2x*q3z*Ybra(2,1,0,2,thetapp,phipp,thetaqp,phiqp,wigner)*Yket(2,0,0,2,thetaq,wigner) + Complex(0,1)*Sqrt(6)*q2y*q3z*Ybra(2,1,0,2,thetapp,phipp,thetaqp,phiqp,wigner)*Yket(2,0,0,2,thetaq,wigner) + 2*Sqrt(6)*q2x*q3x*Ybra(2,2,0,2,thetapp,phipp,thetaqp,phiqp,wigner)*Yket(2,0,0,2,thetaq,wigner) + Complex(0,2)*Sqrt(6)*q2y*q3x*Ybra(2,2,0,2,thetapp,phipp,thetaqp,phiqp,wigner)*Yket(2,0,0,2,thetaq,wigner) + Complex(0,2)*Sqrt(6)*q2x*q3y*Ybra(2,2,0,2,thetapp,phipp,thetaqp,phiqp,wigner)*Yket(2,0,0,2,thetaq,wigner) - 2*Sqrt(6)*q2y*q3y*Ybra(2,2,0,2,thetapp,phipp,thetaqp,phiqp,wigner)*Yket(2,0,0,2,thetaq,wigner) + 2*Ybra(2,-2,0,2,thetapp,phipp,thetaqp,phiqp,wigner)*(6*q2z*q3z*Yket(2,-2,0,2,thetaq,wigner) - 3*(q2z*(q3x - Complex(0,1)*q3y) + (q2x - Complex(0,1)*q2y)*q3z)*Yket(2,-1,0,2,thetaq,wigner) + Sqrt(6)*(q2x - Complex(0,1)*q2y)*(q3x - Complex(0,1)*q3y)*Yket(2,0,0,2,thetaq,wigner)) + Sqrt(6)*q2z*q3x*Ybra(2,0,0,2,thetapp,phipp,thetaqp,phiqp,wigner)*Yket(2,1,0,2,thetaq,wigner) - Complex(0,1)*Sqrt(6)*q2z*q3y*Ybra(2,0,0,2,thetapp,phipp,thetaqp,phiqp,wigner)*Yket(2,1,0,2,thetaq,wigner) + Sqrt(6)*q2x*q3z*Ybra(2,0,0,2,thetapp,phipp,thetaqp,phiqp,wigner)*Yket(2,1,0,2,thetaq,wigner) - Complex(0,1)*Sqrt(6)*q2y*q3z*Ybra(2,0,0,2,thetapp,phipp,thetaqp,phiqp,wigner)*Yket(2,1,0,2,thetaq,wigner) + 6*q2x*q3x*Ybra(2,1,0,2,thetapp,phipp,thetaqp,phiqp,wigner)*Yket(2,1,0,2,thetaq,wigner) + 6*q2y*q3y*Ybra(2,1,0,2,thetapp,phipp,thetaqp,phiqp,wigner)*Yket(2,1,0,2,thetaq,wigner) + 6*q2z*q3x*Ybra(2,2,0,2,thetapp,phipp,thetaqp,phiqp,wigner)*Yket(2,1,0,2,thetaq,wigner) + Complex(0,6)*q2z*q3y*Ybra(2,2,0,2,thetapp,phipp,thetaqp,phiqp,wigner)*Yket(2,1,0,2,thetaq,wigner) + 6*q2x*q3z*Ybra(2,2,0,2,thetapp,phipp,thetaqp,phiqp,wigner)*Yket(2,1,0,2,thetaq,wigner) + Complex(0,6)*q2y*q3z*Ybra(2,2,0,2,thetapp,phipp,thetaqp,phiqp,wigner)*Yket(2,1,0,2,thetaq,wigner) - Ybra(2,-1,0,2,thetapp,phipp,thetaqp,phiqp,wigner)*(6*(q2z*(q3x + Complex(0,1)*q3y) + (q2x + Complex(0,1)*q2y)*q3z)*Yket(2,-2,0,2,thetaq,wigner) - 6*(q2x*q3x + q2y*q3y)*Yket(2,-1,0,2,thetaq,wigner) + Sqrt(6)*q2z*q3x*Yket(2,0,0,2,thetaq,wigner) - Complex(0,1)*Sqrt(6)*q2z*q3y*Yket(2,0,0,2,thetaq,wigner) + Sqrt(6)*q2x*q3z*Yket(2,0,0,2,thetaq,wigner) - Complex(0,1)*Sqrt(6)*q2y*q3z*Yket(2,0,0,2,thetaq,wigner) - 6*q2x*q3x*Yket(2,1,0,2,thetaq,wigner) + Complex(0,6)*q2y*q3x*Yket(2,1,0,2,thetaq,wigner) + Complex(0,6)*q2x*q3y*Yket(2,1,0,2,thetaq,wigner) + 6*q2y*q3y*Yket(2,1,0,2,thetaq,wigner)) + 2*Sqrt(6)*q2x*q3x*Ybra(2,0,0,2,thetapp,phipp,thetaqp,phiqp,wigner)*Yket(2,2,0,2,thetaq,wigner) - Complex(0,2)*Sqrt(6)*q2y*q3x*Ybra(2,0,0,2,thetapp,phipp,thetaqp,phiqp,wigner)*Yket(2,2,0,2,thetaq,wigner) - Complex(0,2)*Sqrt(6)*q2x*q3y*Ybra(2,0,0,2,thetapp,phipp,thetaqp,phiqp,wigner)*Yket(2,2,0,2,thetaq,wigner) - 2*Sqrt(6)*q2y*q3y*Ybra(2,0,0,2,thetapp,phipp,thetaqp,phiqp,wigner)*Yket(2,2,0,2,thetaq,wigner) + 6*q2z*q3x*Ybra(2,1,0,2,thetapp,phipp,thetaqp,phiqp,wigner)*Yket(2,2,0,2,thetaq,wigner) - Complex(0,6)*q2z*q3y*Ybra(2,1,0,2,thetapp,phipp,thetaqp,phiqp,wigner)*Yket(2,2,0,2,thetaq,wigner) + 6*q2x*q3z*Ybra(2,1,0,2,thetapp,phipp,thetaqp,phiqp,wigner)*Yket(2,2,0,2,thetaq,wigner) - Complex(0,6)*q2y*q3z*Ybra(2,1,0,2,thetapp,phipp,thetaqp,phiqp,wigner)*Yket(2,2,0,2,thetaq,wigner) + 12*q2z*q3z*Ybra(2,2,0,2,thetapp,phipp,thetaqp,phiqp,wigner)*Yket(2,2,0,2,thetaq,wigner)));
    return mtx;
}
else if (idxbra==3 && idxket==4)
{
    mtx = 0;
    return mtx;
}
else if (idxbra==3 && idxket==5)
{
    mtx = (Ftpe1*(2*Sqrt(3)*(-(q2z*q3x) + Complex(0,1)*q2z*q3y + q2x*q3z - Complex(0,1)*q2y*q3z)*Ybra(2,-2,0,2,thetapp,phipp,thetaqp,phiqp,wigner)*Yket(1,-1,1,1,thetaq,wigner) - Sqrt(2)*q2z*q3x*Ybra(2,0,0,2,thetapp,phipp,thetaqp,phiqp,wigner)*Yket(1,-1,1,1,thetaq,wigner) - Complex(0,1)*Sqrt(2)*q2z*q3y*Ybra(2,0,0,2,thetapp,phipp,thetaqp,phiqp,wigner)*Yket(1,-1,1,1,thetaq,wigner) + Sqrt(2)*q2x*q3z*Ybra(2,0,0,2,thetapp,phipp,thetaqp,phiqp,wigner)*Yket(1,-1,1,1,thetaq,wigner) + Complex(0,1)*Sqrt(2)*q2y*q3z*Ybra(2,0,0,2,thetapp,phipp,thetaqp,phiqp,wigner)*Yket(1,-1,1,1,thetaq,wigner) + Complex(0,4)*q2y*q3x*Ybra(2,0,0,2,thetapp,phipp,thetaqp,phiqp,wigner)*Yket(1,0,1,1,thetaq,wigner) - Complex(0,4)*q2x*q3y*Ybra(2,0,0,2,thetapp,phipp,thetaqp,phiqp,wigner)*Yket(1,0,1,1,thetaq,wigner) - Sqrt(6)*q2z*q3x*Ybra(2,1,0,2,thetapp,phipp,thetaqp,phiqp,wigner)*Yket(1,0,1,1,thetaq,wigner) - Complex(0,1)*Sqrt(6)*q2z*q3y*Ybra(2,1,0,2,thetapp,phipp,thetaqp,phiqp,wigner)*Yket(1,0,1,1,thetaq,wigner) + Sqrt(6)*q2x*q3z*Ybra(2,1,0,2,thetapp,phipp,thetaqp,phiqp,wigner)*Yket(1,0,1,1,thetaq,wigner) + Complex(0,1)*Sqrt(6)*q2y*q3z*Ybra(2,1,0,2,thetapp,phipp,thetaqp,phiqp,wigner)*Yket(1,0,1,1,thetaq,wigner) + Sqrt(3)*Ybra(2,-1,0,2,thetapp,phipp,thetaqp,phiqp,wigner)*(Complex(0,2)*(q2y*q3x - q2x*q3y)*Yket(1,-1,1,1,thetaq,wigner) + Sqrt(2)*(-(q2z*q3x) + Complex(0,1)*q2z*q3y + q2x*q3z - Complex(0,1)*q2y*q3z)*Yket(1,0,1,1,thetaq,wigner)) - Sqrt(2)*q2z*q3x*Ybra(2,0,0,2,thetapp,phipp,thetaqp,phiqp,wigner)*Yket(1,1,1,1,thetaq,wigner) + Complex(0,1)*Sqrt(2)*q2z*q3y*Ybra(2,0,0,2,thetapp,phipp,thetaqp,phiqp,wigner)*Yket(1,1,1,1,thetaq,wigner) + Sqrt(2)*q2x*q3z*Ybra(2,0,0,2,thetapp,phipp,thetaqp,phiqp,wigner)*Yket(1,1,1,1,thetaq,wigner) - Complex(0,1)*Sqrt(2)*q2y*q3z*Ybra(2,0,0,2,thetapp,phipp,thetaqp,phiqp,wigner)*Yket(1,1,1,1,thetaq,wigner) + Complex(0,2)*Sqrt(3)*q2y*q3x*Ybra(2,1,0,2,thetapp,phipp,thetaqp,phiqp,wigner)*Yket(1,1,1,1,thetaq,wigner) - Complex(0,2)*Sqrt(3)*q2x*q3y*Ybra(2,1,0,2,thetapp,phipp,thetaqp,phiqp,wigner)*Yket(1,1,1,1,thetaq,wigner) - 2*Sqrt(3)*q2z*q3x*Ybra(2,2,0,2,thetapp,phipp,thetaqp,phiqp,wigner)*Yket(1,1,1,1,thetaq,wigner) - Complex(0,2)*Sqrt(3)*q2z*q3y*Ybra(2,2,0,2,thetapp,phipp,thetaqp,phiqp,wigner)*Yket(1,1,1,1,thetaq,wigner) + 2*Sqrt(3)*q2x*q3z*Ybra(2,2,0,2,thetapp,phipp,thetaqp,phiqp,wigner)*Yket(1,1,1,1,thetaq,wigner) + Complex(0,2)*Sqrt(3)*q2y*q3z*Ybra(2,2,0,2,thetapp,phipp,thetaqp,phiqp,wigner)*Yket(1,1,1,1,thetaq,wigner)))/(2.*Sqrt(10));
    return mtx;
}
else if (idxbra==3 && idxket==6)
{
    mtx = 0;
    return mtx;
}
else if (idxbra==3 && idxket==7)
{
    mtx = 0;
    return mtx;
}
else if (idxbra==3 && idxket==8)
{
    mtx = 0;
    return mtx;
}
else if (idxbra==3 && idxket==9)
{
    mtx = 0;
    return mtx;
}
else if (idxbra==3 && idxket==10)
{
    mtx = 0;
    return mtx;
}
else if (idxbra==3 && idxket==11)
{
    mtx = 0;
    return mtx;
}
else if (idxbra==3 && idxket==12)
{
    mtx = (Ftpe1*(Sqrt(3)*(q2x - Complex(0,1)*q2y)*(q3x - Complex(0,1)*q3y)*Ybra(2,-2,0,2,thetapp,phipp,thetaqp,phiqp,wigner) + Sqrt(3)*(q2z*q3x - Complex(0,1)*q2z*q3y + q2x*q3z - Complex(0,1)*q2y*q3z)*Ybra(2,-1,0,2,thetapp,phipp,thetaqp,phiqp,wigner) - Sqrt(2)*q2x*q3x*Ybra(2,0,0,2,thetapp,phipp,thetaqp,phiqp,wigner) - Sqrt(2)*q2y*q3y*Ybra(2,0,0,2,thetapp,phipp,thetaqp,phiqp,wigner) + 2*Sqrt(2)*q2z*q3z*Ybra(2,0,0,2,thetapp,phipp,thetaqp,phiqp,wigner) - Sqrt(3)*q2z*q3x*Ybra(2,1,0,2,thetapp,phipp,thetaqp,phiqp,wigner) - Complex(0,1)*Sqrt(3)*q2z*q3y*Ybra(2,1,0,2,thetapp,phipp,thetaqp,phiqp,wigner) - Sqrt(3)*q2x*q3z*Ybra(2,1,0,2,thetapp,phipp,thetaqp,phiqp,wigner) - Complex(0,1)*Sqrt(3)*q2y*q3z*Ybra(2,1,0,2,thetapp,phipp,thetaqp,phiqp,wigner) + Sqrt(3)*q2x*q3x*Ybra(2,2,0,2,thetapp,phipp,thetaqp,phiqp,wigner) + Complex(0,1)*Sqrt(3)*q2y*q3x*Ybra(2,2,0,2,thetapp,phipp,thetaqp,phiqp,wigner) + Complex(0,1)*Sqrt(3)*q2x*q3y*Ybra(2,2,0,2,thetapp,phipp,thetaqp,phiqp,wigner) - Sqrt(3)*q2y*q3y*Ybra(2,2,0,2,thetapp,phipp,thetaqp,phiqp,wigner))*Yket(0,0,2,2,thetaq,wigner))/Sqrt(5);
    return mtx;
}
else if (idxbra==3 && idxket==13)
{
    mtx = (Ftpe1*(Sqrt(3)*q2z*q3x*Ybra(2,0,0,2,thetapp,phipp,thetaqp,phiqp,wigner)*Yket(1,-1,2,2,thetaq,wigner) + Complex(0,1)*Sqrt(3)*q2z*q3y*Ybra(2,0,0,2,thetapp,phipp,thetaqp,phiqp,wigner)*Yket(1,-1,2,2,thetaq,wigner) + Sqrt(3)*q2x*q3z*Ybra(2,0,0,2,thetapp,phipp,thetaqp,phiqp,wigner)*Yket(1,-1,2,2,thetaq,wigner) + Complex(0,1)*Sqrt(3)*q2y*q3z*Ybra(2,0,0,2,thetapp,phipp,thetaqp,phiqp,wigner)*Yket(1,-1,2,2,thetaq,wigner) - Sqrt(2)*q2x*q3x*Ybra(2,1,0,2,thetapp,phipp,thetaqp,phiqp,wigner)*Yket(1,-1,2,2,thetaq,wigner) - Complex(0,1)*Sqrt(2)*q2y*q3x*Ybra(2,1,0,2,thetapp,phipp,thetaqp,phiqp,wigner)*Yket(1,-1,2,2,thetaq,wigner) - Complex(0,1)*Sqrt(2)*q2x*q3y*Ybra(2,1,0,2,thetapp,phipp,thetaqp,phiqp,wigner)*Yket(1,-1,2,2,thetaq,wigner) + Sqrt(2)*q2y*q3y*Ybra(2,1,0,2,thetapp,phipp,thetaqp,phiqp,wigner)*Yket(1,-1,2,2,thetaq,wigner) + q2z*q3x*Ybra(2,1,0,2,thetapp,phipp,thetaqp,phiqp,wigner)*Yket(1,0,2,2,thetaq,wigner) + Complex(0,1)*q2z*q3y*Ybra(2,1,0,2,thetapp,phipp,thetaqp,phiqp,wigner)*Yket(1,0,2,2,thetaq,wigner) + q2x*q3z*Ybra(2,1,0,2,thetapp,phipp,thetaqp,phiqp,wigner)*Yket(1,0,2,2,thetaq,wigner) + Complex(0,1)*q2y*q3z*Ybra(2,1,0,2,thetapp,phipp,thetaqp,phiqp,wigner)*Yket(1,0,2,2,thetaq,wigner) - 2*q2x*q3x*Ybra(2,2,0,2,thetapp,phipp,thetaqp,phiqp,wigner)*Yket(1,0,2,2,thetaq,wigner) - Complex(0,2)*q2y*q3x*Ybra(2,2,0,2,thetapp,phipp,thetaqp,phiqp,wigner)*Yket(1,0,2,2,thetaq,wigner) - Complex(0,2)*q2x*q3y*Ybra(2,2,0,2,thetapp,phipp,thetaqp,phiqp,wigner)*Yket(1,0,2,2,thetaq,wigner) + 2*q2y*q3y*Ybra(2,2,0,2,thetapp,phipp,thetaqp,phiqp,wigner)*Yket(1,0,2,2,thetaq,wigner) - Ybra(2,-2,0,2,thetapp,phipp,thetaqp,phiqp,wigner)*(Sqrt(2)*(q2z*(q3x - Complex(0,1)*q3y) + (q2x - Complex(0,1)*q2y)*q3z)*Yket(1,-1,2,2,thetaq,wigner) - 2*(q2x - Complex(0,1)*q2y)*(q3x - Complex(0,1)*q3y)*Yket(1,0,2,2,thetaq,wigner)) + Sqrt(3)*q2z*q3x*Ybra(2,0,0,2,thetapp,phipp,thetaqp,phiqp,wigner)*Yket(1,1,2,2,thetaq,wigner) - Complex(0,1)*Sqrt(3)*q2z*q3y*Ybra(2,0,0,2,thetapp,phipp,thetaqp,phiqp,wigner)*Yket(1,1,2,2,thetaq,wigner) + Sqrt(3)*q2x*q3z*Ybra(2,0,0,2,thetapp,phipp,thetaqp,phiqp,wigner)*Yket(1,1,2,2,thetaq,wigner) - Complex(0,1)*Sqrt(3)*q2y*q3z*Ybra(2,0,0,2,thetapp,phipp,thetaqp,phiqp,wigner)*Yket(1,1,2,2,thetaq,wigner) - Sqrt(2)*q2x*q3x*Ybra(2,1,0,2,thetapp,phipp,thetaqp,phiqp,wigner)*Yket(1,1,2,2,thetaq,wigner) - Sqrt(2)*q2y*q3y*Ybra(2,1,0,2,thetapp,phipp,thetaqp,phiqp,wigner)*Yket(1,1,2,2,thetaq,wigner) + 2*Sqrt(2)*q2z*q3z*Ybra(2,1,0,2,thetapp,phipp,thetaqp,phiqp,wigner)*Yket(1,1,2,2,thetaq,wigner) - Sqrt(2)*q2z*q3x*Ybra(2,2,0,2,thetapp,phipp,thetaqp,phiqp,wigner)*Yket(1,1,2,2,thetaq,wigner) - Complex(0,1)*Sqrt(2)*q2z*q3y*Ybra(2,2,0,2,thetapp,phipp,thetaqp,phiqp,wigner)*Yket(1,1,2,2,thetaq,wigner) - Sqrt(2)*q2x*q3z*Ybra(2,2,0,2,thetapp,phipp,thetaqp,phiqp,wigner)*Yket(1,1,2,2,thetaq,wigner) - Complex(0,1)*Sqrt(2)*q2y*q3z*Ybra(2,2,0,2,thetapp,phipp,thetaqp,phiqp,wigner)*Yket(1,1,2,2,thetaq,wigner) + Ybra(2,-1,0,2,thetapp,phipp,thetaqp,phiqp,wigner)*(Sqrt(2)*(q2x*q3x + q2y*q3y - 2*q2z*q3z)*Yket(1,-1,2,2,thetaq,wigner) + (q2z*(q3x - Complex(0,1)*q3y) + (q2x - Complex(0,1)*q2y)*q3z)*Yket(1,0,2,2,thetaq,wigner) + Sqrt(2)*(q2x - Complex(0,1)*q2y)*(q3x - Complex(0,1)*q3y)*Yket(1,1,2,2,thetaq,wigner))))/(2.*Sqrt(5));
    return mtx;
}
else if (idxbra==3 && idxket==14)
{
    mtx = -0.25*(Ftpe1*(Sqrt(6)*q2z*q3x*Ybra(2,0,0,2,thetapp,phipp,thetaqp,phiqp,wigner)*Yket(1,-1,2,2,thetaq,wigner) + Complex(0,1)*Sqrt(6)*q2z*q3y*Ybra(2,0,0,2,thetapp,phipp,thetaqp,phiqp,wigner)*Yket(1,-1,2,2,thetaq,wigner) + Sqrt(6)*q2x*q3z*Ybra(2,0,0,2,thetapp,phipp,thetaqp,phiqp,wigner)*Yket(1,-1,2,2,thetaq,wigner) + Complex(0,1)*Sqrt(6)*q2y*q3z*Ybra(2,0,0,2,thetapp,phipp,thetaqp,phiqp,wigner)*Yket(1,-1,2,2,thetaq,wigner) - 2*q2x*q3x*Ybra(2,1,0,2,thetapp,phipp,thetaqp,phiqp,wigner)*Yket(1,-1,2,2,thetaq,wigner) - Complex(0,2)*q2y*q3x*Ybra(2,1,0,2,thetapp,phipp,thetaqp,phiqp,wigner)*Yket(1,-1,2,2,thetaq,wigner) - Complex(0,2)*q2x*q3y*Ybra(2,1,0,2,thetapp,phipp,thetaqp,phiqp,wigner)*Yket(1,-1,2,2,thetaq,wigner) + 2*q2y*q3y*Ybra(2,1,0,2,thetapp,phipp,thetaqp,phiqp,wigner)*Yket(1,-1,2,2,thetaq,wigner) + Sqrt(2)*q2z*q3x*Ybra(2,1,0,2,thetapp,phipp,thetaqp,phiqp,wigner)*Yket(1,0,2,2,thetaq,wigner) + Complex(0,1)*Sqrt(2)*q2z*q3y*Ybra(2,1,0,2,thetapp,phipp,thetaqp,phiqp,wigner)*Yket(1,0,2,2,thetaq,wigner) + Sqrt(2)*q2x*q3z*Ybra(2,1,0,2,thetapp,phipp,thetaqp,phiqp,wigner)*Yket(1,0,2,2,thetaq,wigner) + Complex(0,1)*Sqrt(2)*q2y*q3z*Ybra(2,1,0,2,thetapp,phipp,thetaqp,phiqp,wigner)*Yket(1,0,2,2,thetaq,wigner) - 2*Sqrt(2)*q2x*q3x*Ybra(2,2,0,2,thetapp,phipp,thetaqp,phiqp,wigner)*Yket(1,0,2,2,thetaq,wigner) - Complex(0,2)*Sqrt(2)*q2y*q3x*Ybra(2,2,0,2,thetapp,phipp,thetaqp,phiqp,wigner)*Yket(1,0,2,2,thetaq,wigner) - Complex(0,2)*Sqrt(2)*q2x*q3y*Ybra(2,2,0,2,thetapp,phipp,thetaqp,phiqp,wigner)*Yket(1,0,2,2,thetaq,wigner) + 2*Sqrt(2)*q2y*q3y*Ybra(2,2,0,2,thetapp,phipp,thetaqp,phiqp,wigner)*Yket(1,0,2,2,thetaq,wigner) - 2*Ybra(2,-2,0,2,thetapp,phipp,thetaqp,phiqp,wigner)*((q2z*(q3x - Complex(0,1)*q3y) + (q2x - Complex(0,1)*q2y)*q3z)*Yket(1,-1,2,2,thetaq,wigner) - Sqrt(2)*(q2x - Complex(0,1)*q2y)*(q3x - Complex(0,1)*q3y)*Yket(1,0,2,2,thetaq,wigner)) + Sqrt(6)*q2z*q3x*Ybra(2,0,0,2,thetapp,phipp,thetaqp,phiqp,wigner)*Yket(1,1,2,2,thetaq,wigner) - Complex(0,1)*Sqrt(6)*q2z*q3y*Ybra(2,0,0,2,thetapp,phipp,thetaqp,phiqp,wigner)*Yket(1,1,2,2,thetaq,wigner) + Sqrt(6)*q2x*q3z*Ybra(2,0,0,2,thetapp,phipp,thetaqp,phiqp,wigner)*Yket(1,1,2,2,thetaq,wigner) - Complex(0,1)*Sqrt(6)*q2y*q3z*Ybra(2,0,0,2,thetapp,phipp,thetaqp,phiqp,wigner)*Yket(1,1,2,2,thetaq,wigner) - 2*q2x*q3x*Ybra(2,1,0,2,thetapp,phipp,thetaqp,phiqp,wigner)*Yket(1,1,2,2,thetaq,wigner) - 2*q2y*q3y*Ybra(2,1,0,2,thetapp,phipp,thetaqp,phiqp,wigner)*Yket(1,1,2,2,thetaq,wigner) + 4*q2z*q3z*Ybra(2,1,0,2,thetapp,phipp,thetaqp,phiqp,wigner)*Yket(1,1,2,2,thetaq,wigner) - 2*q2z*q3x*Ybra(2,2,0,2,thetapp,phipp,thetaqp,phiqp,wigner)*Yket(1,1,2,2,thetaq,wigner) - Complex(0,2)*q2z*q3y*Ybra(2,2,0,2,thetapp,phipp,thetaqp,phiqp,wigner)*Yket(1,1,2,2,thetaq,wigner) - 2*q2x*q3z*Ybra(2,2,0,2,thetapp,phipp,thetaqp,phiqp,wigner)*Yket(1,1,2,2,thetaq,wigner) - Complex(0,2)*q2y*q3z*Ybra(2,2,0,2,thetapp,phipp,thetaqp,phiqp,wigner)*Yket(1,1,2,2,thetaq,wigner) + Ybra(2,-1,0,2,thetapp,phipp,thetaqp,phiqp,wigner)*(2*(q2x*q3x + q2y*q3y - 2*q2z*q3z)*Yket(1,-1,2,2,thetaq,wigner) + Sqrt(2)*(q2z*q3x - Complex(0,1)*q2z*q3y + q2x*q3z - Complex(0,1)*q2y*q3z)*Yket(1,0,2,2,thetaq,wigner) + 2*(q2x - Complex(0,1)*q2y)*(q3x - Complex(0,1)*q3y)*Yket(1,1,2,2,thetaq,wigner))))/Sqrt(5);
    return mtx;
}
else if (idxbra==3 && idxket==15)
{
    mtx = -0.05*(Ftpe1*(2*Sqrt(6)*q2x*q3x*Ybra(2,0,0,2,thetapp,phipp,thetaqp,phiqp,wigner)*Yket(2,-2,2,0,thetaq,wigner) + Complex(0,2)*Sqrt(6)*q2y*q3x*Ybra(2,0,0,2,thetapp,phipp,thetaqp,phiqp,wigner)*Yket(2,-2,2,0,thetaq,wigner) + Complex(0,2)*Sqrt(6)*q2x*q3y*Ybra(2,0,0,2,thetapp,phipp,thetaqp,phiqp,wigner)*Yket(2,-2,2,0,thetaq,wigner) - 2*Sqrt(6)*q2y*q3y*Ybra(2,0,0,2,thetapp,phipp,thetaqp,phiqp,wigner)*Yket(2,-2,2,0,thetaq,wigner) - Sqrt(6)*q2z*q3x*Ybra(2,0,0,2,thetapp,phipp,thetaqp,phiqp,wigner)*Yket(2,-1,2,0,thetaq,wigner) - Complex(0,1)*Sqrt(6)*q2z*q3y*Ybra(2,0,0,2,thetapp,phipp,thetaqp,phiqp,wigner)*Yket(2,-1,2,0,thetaq,wigner) - Sqrt(6)*q2x*q3z*Ybra(2,0,0,2,thetapp,phipp,thetaqp,phiqp,wigner)*Yket(2,-1,2,0,thetaq,wigner) - Complex(0,1)*Sqrt(6)*q2y*q3z*Ybra(2,0,0,2,thetapp,phipp,thetaqp,phiqp,wigner)*Yket(2,-1,2,0,thetaq,wigner) + 6*q2x*q3x*Ybra(2,1,0,2,thetapp,phipp,thetaqp,phiqp,wigner)*Yket(2,-1,2,0,thetaq,wigner) + Complex(0,6)*q2y*q3x*Ybra(2,1,0,2,thetapp,phipp,thetaqp,phiqp,wigner)*Yket(2,-1,2,0,thetaq,wigner) + Complex(0,6)*q2x*q3y*Ybra(2,1,0,2,thetapp,phipp,thetaqp,phiqp,wigner)*Yket(2,-1,2,0,thetaq,wigner) - 6*q2y*q3y*Ybra(2,1,0,2,thetapp,phipp,thetaqp,phiqp,wigner)*Yket(2,-1,2,0,thetaq,wigner) + 8*q2x*q3x*Ybra(2,0,0,2,thetapp,phipp,thetaqp,phiqp,wigner)*Yket(2,0,2,0,thetaq,wigner) + 8*q2y*q3y*Ybra(2,0,0,2,thetapp,phipp,thetaqp,phiqp,wigner)*Yket(2,0,2,0,thetaq,wigner) - 4*q2z*q3z*Ybra(2,0,0,2,thetapp,phipp,thetaqp,phiqp,wigner)*Yket(2,0,2,0,thetaq,wigner) + Sqrt(6)*q2z*q3x*Ybra(2,1,0,2,thetapp,phipp,thetaqp,phiqp,wigner)*Yket(2,0,2,0,thetaq,wigner) + Complex(0,1)*Sqrt(6)*q2z*q3y*Ybra(2,1,0,2,thetapp,phipp,thetaqp,phiqp,wigner)*Yket(2,0,2,0,thetaq,wigner) + Sqrt(6)*q2x*q3z*Ybra(2,1,0,2,thetapp,phipp,thetaqp,phiqp,wigner)*Yket(2,0,2,0,thetaq,wigner) + Complex(0,1)*Sqrt(6)*q2y*q3z*Ybra(2,1,0,2,thetapp,phipp,thetaqp,phiqp,wigner)*Yket(2,0,2,0,thetaq,wigner) + 2*Sqrt(6)*q2x*q3x*Ybra(2,2,0,2,thetapp,phipp,thetaqp,phiqp,wigner)*Yket(2,0,2,0,thetaq,wigner) + Complex(0,2)*Sqrt(6)*q2y*q3x*Ybra(2,2,0,2,thetapp,phipp,thetaqp,phiqp,wigner)*Yket(2,0,2,0,thetaq,wigner) + Complex(0,2)*Sqrt(6)*q2x*q3y*Ybra(2,2,0,2,thetapp,phipp,thetaqp,phiqp,wigner)*Yket(2,0,2,0,thetaq,wigner) - 2*Sqrt(6)*q2y*q3y*Ybra(2,2,0,2,thetapp,phipp,thetaqp,phiqp,wigner)*Yket(2,0,2,0,thetaq,wigner) + 2*Ybra(2,-2,0,2,thetapp,phipp,thetaqp,phiqp,wigner)*(6*q2z*q3z*Yket(2,-2,2,0,thetaq,wigner) - 3*(q2z*(q3x - Complex(0,1)*q3y) + (q2x - Complex(0,1)*q2y)*q3z)*Yket(2,-1,2,0,thetaq,wigner) + Sqrt(6)*(q2x - Complex(0,1)*q2y)*(q3x - Complex(0,1)*q3y)*Yket(2,0,2,0,thetaq,wigner)) + Sqrt(6)*q2z*q3x*Ybra(2,0,0,2,thetapp,phipp,thetaqp,phiqp,wigner)*Yket(2,1,2,0,thetaq,wigner) - Complex(0,1)*Sqrt(6)*q2z*q3y*Ybra(2,0,0,2,thetapp,phipp,thetaqp,phiqp,wigner)*Yket(2,1,2,0,thetaq,wigner) + Sqrt(6)*q2x*q3z*Ybra(2,0,0,2,thetapp,phipp,thetaqp,phiqp,wigner)*Yket(2,1,2,0,thetaq,wigner) - Complex(0,1)*Sqrt(6)*q2y*q3z*Ybra(2,0,0,2,thetapp,phipp,thetaqp,phiqp,wigner)*Yket(2,1,2,0,thetaq,wigner) + 6*q2x*q3x*Ybra(2,1,0,2,thetapp,phipp,thetaqp,phiqp,wigner)*Yket(2,1,2,0,thetaq,wigner) + 6*q2y*q3y*Ybra(2,1,0,2,thetapp,phipp,thetaqp,phiqp,wigner)*Yket(2,1,2,0,thetaq,wigner) + 6*q2z*q3x*Ybra(2,2,0,2,thetapp,phipp,thetaqp,phiqp,wigner)*Yket(2,1,2,0,thetaq,wigner) + Complex(0,6)*q2z*q3y*Ybra(2,2,0,2,thetapp,phipp,thetaqp,phiqp,wigner)*Yket(2,1,2,0,thetaq,wigner) + 6*q2x*q3z*Ybra(2,2,0,2,thetapp,phipp,thetaqp,phiqp,wigner)*Yket(2,1,2,0,thetaq,wigner) + Complex(0,6)*q2y*q3z*Ybra(2,2,0,2,thetapp,phipp,thetaqp,phiqp,wigner)*Yket(2,1,2,0,thetaq,wigner) - Ybra(2,-1,0,2,thetapp,phipp,thetaqp,phiqp,wigner)*(6*(q2z*(q3x + Complex(0,1)*q3y) + (q2x + Complex(0,1)*q2y)*q3z)*Yket(2,-2,2,0,thetaq,wigner) - 6*(q2x*q3x + q2y*q3y)*Yket(2,-1,2,0,thetaq,wigner) + Sqrt(6)*q2z*q3x*Yket(2,0,2,0,thetaq,wigner) - Complex(0,1)*Sqrt(6)*q2z*q3y*Yket(2,0,2,0,thetaq,wigner) + Sqrt(6)*q2x*q3z*Yket(2,0,2,0,thetaq,wigner) - Complex(0,1)*Sqrt(6)*q2y*q3z*Yket(2,0,2,0,thetaq,wigner) - 6*q2x*q3x*Yket(2,1,2,0,thetaq,wigner) + Complex(0,6)*q2y*q3x*Yket(2,1,2,0,thetaq,wigner) + Complex(0,6)*q2x*q3y*Yket(2,1,2,0,thetaq,wigner) + 6*q2y*q3y*Yket(2,1,2,0,thetaq,wigner)) + 2*Sqrt(6)*q2x*q3x*Ybra(2,0,0,2,thetapp,phipp,thetaqp,phiqp,wigner)*Yket(2,2,2,0,thetaq,wigner) - Complex(0,2)*Sqrt(6)*q2y*q3x*Ybra(2,0,0,2,thetapp,phipp,thetaqp,phiqp,wigner)*Yket(2,2,2,0,thetaq,wigner) - Complex(0,2)*Sqrt(6)*q2x*q3y*Ybra(2,0,0,2,thetapp,phipp,thetaqp,phiqp,wigner)*Yket(2,2,2,0,thetaq,wigner) - 2*Sqrt(6)*q2y*q3y*Ybra(2,0,0,2,thetapp,phipp,thetaqp,phiqp,wigner)*Yket(2,2,2,0,thetaq,wigner) + 6*q2z*q3x*Ybra(2,1,0,2,thetapp,phipp,thetaqp,phiqp,wigner)*Yket(2,2,2,0,thetaq,wigner) - Complex(0,6)*q2z*q3y*Ybra(2,1,0,2,thetapp,phipp,thetaqp,phiqp,wigner)*Yket(2,2,2,0,thetaq,wigner) + 6*q2x*q3z*Ybra(2,1,0,2,thetapp,phipp,thetaqp,phiqp,wigner)*Yket(2,2,2,0,thetaq,wigner) - Complex(0,6)*q2y*q3z*Ybra(2,1,0,2,thetapp,phipp,thetaqp,phiqp,wigner)*Yket(2,2,2,0,thetaq,wigner) + 12*q2z*q3z*Ybra(2,2,0,2,thetapp,phipp,thetaqp,phiqp,wigner)*Yket(2,2,2,0,thetaq,wigner)));
    return mtx;
}
else if (idxbra==3 && idxket==16)
{
    mtx = -0.05*(Ftpe1*(2*Sqrt(6)*q2x*q3x*Ybra(2,0,0,2,thetapp,phipp,thetaqp,phiqp,wigner)*Yket(2,-2,2,2,thetaq,wigner) + Complex(0,2)*Sqrt(6)*q2y*q3x*Ybra(2,0,0,2,thetapp,phipp,thetaqp,phiqp,wigner)*Yket(2,-2,2,2,thetaq,wigner) + Complex(0,2)*Sqrt(6)*q2x*q3y*Ybra(2,0,0,2,thetapp,phipp,thetaqp,phiqp,wigner)*Yket(2,-2,2,2,thetaq,wigner) - 2*Sqrt(6)*q2y*q3y*Ybra(2,0,0,2,thetapp,phipp,thetaqp,phiqp,wigner)*Yket(2,-2,2,2,thetaq,wigner) - Sqrt(6)*q2z*q3x*Ybra(2,0,0,2,thetapp,phipp,thetaqp,phiqp,wigner)*Yket(2,-1,2,2,thetaq,wigner) - Complex(0,1)*Sqrt(6)*q2z*q3y*Ybra(2,0,0,2,thetapp,phipp,thetaqp,phiqp,wigner)*Yket(2,-1,2,2,thetaq,wigner) - Sqrt(6)*q2x*q3z*Ybra(2,0,0,2,thetapp,phipp,thetaqp,phiqp,wigner)*Yket(2,-1,2,2,thetaq,wigner) - Complex(0,1)*Sqrt(6)*q2y*q3z*Ybra(2,0,0,2,thetapp,phipp,thetaqp,phiqp,wigner)*Yket(2,-1,2,2,thetaq,wigner) + 6*q2x*q3x*Ybra(2,1,0,2,thetapp,phipp,thetaqp,phiqp,wigner)*Yket(2,-1,2,2,thetaq,wigner) + Complex(0,6)*q2y*q3x*Ybra(2,1,0,2,thetapp,phipp,thetaqp,phiqp,wigner)*Yket(2,-1,2,2,thetaq,wigner) + Complex(0,6)*q2x*q3y*Ybra(2,1,0,2,thetapp,phipp,thetaqp,phiqp,wigner)*Yket(2,-1,2,2,thetaq,wigner) - 6*q2y*q3y*Ybra(2,1,0,2,thetapp,phipp,thetaqp,phiqp,wigner)*Yket(2,-1,2,2,thetaq,wigner) + 8*q2x*q3x*Ybra(2,0,0,2,thetapp,phipp,thetaqp,phiqp,wigner)*Yket(2,0,2,2,thetaq,wigner) + 8*q2y*q3y*Ybra(2,0,0,2,thetapp,phipp,thetaqp,phiqp,wigner)*Yket(2,0,2,2,thetaq,wigner) - 4*q2z*q3z*Ybra(2,0,0,2,thetapp,phipp,thetaqp,phiqp,wigner)*Yket(2,0,2,2,thetaq,wigner) + Sqrt(6)*q2z*q3x*Ybra(2,1,0,2,thetapp,phipp,thetaqp,phiqp,wigner)*Yket(2,0,2,2,thetaq,wigner) + Complex(0,1)*Sqrt(6)*q2z*q3y*Ybra(2,1,0,2,thetapp,phipp,thetaqp,phiqp,wigner)*Yket(2,0,2,2,thetaq,wigner) + Sqrt(6)*q2x*q3z*Ybra(2,1,0,2,thetapp,phipp,thetaqp,phiqp,wigner)*Yket(2,0,2,2,thetaq,wigner) + Complex(0,1)*Sqrt(6)*q2y*q3z*Ybra(2,1,0,2,thetapp,phipp,thetaqp,phiqp,wigner)*Yket(2,0,2,2,thetaq,wigner) + 2*Sqrt(6)*q2x*q3x*Ybra(2,2,0,2,thetapp,phipp,thetaqp,phiqp,wigner)*Yket(2,0,2,2,thetaq,wigner) + Complex(0,2)*Sqrt(6)*q2y*q3x*Ybra(2,2,0,2,thetapp,phipp,thetaqp,phiqp,wigner)*Yket(2,0,2,2,thetaq,wigner) + Complex(0,2)*Sqrt(6)*q2x*q3y*Ybra(2,2,0,2,thetapp,phipp,thetaqp,phiqp,wigner)*Yket(2,0,2,2,thetaq,wigner) - 2*Sqrt(6)*q2y*q3y*Ybra(2,2,0,2,thetapp,phipp,thetaqp,phiqp,wigner)*Yket(2,0,2,2,thetaq,wigner) + 2*Ybra(2,-2,0,2,thetapp,phipp,thetaqp,phiqp,wigner)*(6*q2z*q3z*Yket(2,-2,2,2,thetaq,wigner) - 3*(q2z*(q3x - Complex(0,1)*q3y) + (q2x - Complex(0,1)*q2y)*q3z)*Yket(2,-1,2,2,thetaq,wigner) + Sqrt(6)*(q2x - Complex(0,1)*q2y)*(q3x - Complex(0,1)*q3y)*Yket(2,0,2,2,thetaq,wigner)) + Sqrt(6)*q2z*q3x*Ybra(2,0,0,2,thetapp,phipp,thetaqp,phiqp,wigner)*Yket(2,1,2,2,thetaq,wigner) - Complex(0,1)*Sqrt(6)*q2z*q3y*Ybra(2,0,0,2,thetapp,phipp,thetaqp,phiqp,wigner)*Yket(2,1,2,2,thetaq,wigner) + Sqrt(6)*q2x*q3z*Ybra(2,0,0,2,thetapp,phipp,thetaqp,phiqp,wigner)*Yket(2,1,2,2,thetaq,wigner) - Complex(0,1)*Sqrt(6)*q2y*q3z*Ybra(2,0,0,2,thetapp,phipp,thetaqp,phiqp,wigner)*Yket(2,1,2,2,thetaq,wigner) + 6*q2x*q3x*Ybra(2,1,0,2,thetapp,phipp,thetaqp,phiqp,wigner)*Yket(2,1,2,2,thetaq,wigner) + 6*q2y*q3y*Ybra(2,1,0,2,thetapp,phipp,thetaqp,phiqp,wigner)*Yket(2,1,2,2,thetaq,wigner) + 6*q2z*q3x*Ybra(2,2,0,2,thetapp,phipp,thetaqp,phiqp,wigner)*Yket(2,1,2,2,thetaq,wigner) + Complex(0,6)*q2z*q3y*Ybra(2,2,0,2,thetapp,phipp,thetaqp,phiqp,wigner)*Yket(2,1,2,2,thetaq,wigner) + 6*q2x*q3z*Ybra(2,2,0,2,thetapp,phipp,thetaqp,phiqp,wigner)*Yket(2,1,2,2,thetaq,wigner) + Complex(0,6)*q2y*q3z*Ybra(2,2,0,2,thetapp,phipp,thetaqp,phiqp,wigner)*Yket(2,1,2,2,thetaq,wigner) - Ybra(2,-1,0,2,thetapp,phipp,thetaqp,phiqp,wigner)*(6*(q2z*(q3x + Complex(0,1)*q3y) + (q2x + Complex(0,1)*q2y)*q3z)*Yket(2,-2,2,2,thetaq,wigner) - 6*(q2x*q3x + q2y*q3y)*Yket(2,-1,2,2,thetaq,wigner) + Sqrt(6)*q2z*q3x*Yket(2,0,2,2,thetaq,wigner) - Complex(0,1)*Sqrt(6)*q2z*q3y*Yket(2,0,2,2,thetaq,wigner) + Sqrt(6)*q2x*q3z*Yket(2,0,2,2,thetaq,wigner) - Complex(0,1)*Sqrt(6)*q2y*q3z*Yket(2,0,2,2,thetaq,wigner) - 6*q2x*q3x*Yket(2,1,2,2,thetaq,wigner) + Complex(0,6)*q2y*q3x*Yket(2,1,2,2,thetaq,wigner) + Complex(0,6)*q2x*q3y*Yket(2,1,2,2,thetaq,wigner) + 6*q2y*q3y*Yket(2,1,2,2,thetaq,wigner)) + 2*Sqrt(6)*q2x*q3x*Ybra(2,0,0,2,thetapp,phipp,thetaqp,phiqp,wigner)*Yket(2,2,2,2,thetaq,wigner) - Complex(0,2)*Sqrt(6)*q2y*q3x*Ybra(2,0,0,2,thetapp,phipp,thetaqp,phiqp,wigner)*Yket(2,2,2,2,thetaq,wigner) - Complex(0,2)*Sqrt(6)*q2x*q3y*Ybra(2,0,0,2,thetapp,phipp,thetaqp,phiqp,wigner)*Yket(2,2,2,2,thetaq,wigner) - 2*Sqrt(6)*q2y*q3y*Ybra(2,0,0,2,thetapp,phipp,thetaqp,phiqp,wigner)*Yket(2,2,2,2,thetaq,wigner) + 6*q2z*q3x*Ybra(2,1,0,2,thetapp,phipp,thetaqp,phiqp,wigner)*Yket(2,2,2,2,thetaq,wigner) - Complex(0,6)*q2z*q3y*Ybra(2,1,0,2,thetapp,phipp,thetaqp,phiqp,wigner)*Yket(2,2,2,2,thetaq,wigner) + 6*q2x*q3z*Ybra(2,1,0,2,thetapp,phipp,thetaqp,phiqp,wigner)*Yket(2,2,2,2,thetaq,wigner) - Complex(0,6)*q2y*q3z*Ybra(2,1,0,2,thetapp,phipp,thetaqp,phiqp,wigner)*Yket(2,2,2,2,thetaq,wigner) + 12*q2z*q3z*Ybra(2,2,0,2,thetapp,phipp,thetaqp,phiqp,wigner)*Yket(2,2,2,2,thetaq,wigner)));
    return mtx;
}
else if (idxbra==4 && idxket==1)
{
    mtx = 0;
    return mtx;
}
else if (idxbra==4 && idxket==2)
{
    mtx = 0;
    return mtx;
}
else if (idxbra==4 && idxket==3)
{
    mtx = 0;
    return mtx;
}
else if (idxbra==4 && idxket==4)
{
    mtx = 3*Ftpe1*(q2x*q3x + q2y*q3y + q2z*q3z)*Ybra(0,0,1,1,thetapp,phipp,thetaqp,phiqp,wigner)*Yket(0,0,1,1,thetaq,wigner);
    return mtx;
}
else if (idxbra==4 && idxket==5)
{
    mtx = 0;
    return mtx;
}
else if (idxbra==4 && idxket==6)
{
    mtx = 0;
    return mtx;
}
else if (idxbra==4 && idxket==7)
{
    mtx = 0;
    return mtx;
}
else if (idxbra==4 && idxket==8)
{
    mtx = 0;
    return mtx;
}
else if (idxbra==4 && idxket==9)
{
    mtx = 0;
    return mtx;
}
else if (idxbra==4 && idxket==10)
{
    mtx = 0;
    return mtx;
}
else if (idxbra==4 && idxket==11)
{
    mtx = 0;
    return mtx;
}
else if (idxbra==4 && idxket==12)
{
    mtx = 0;
    return mtx;
}
else if (idxbra==4 && idxket==13)
{
    mtx = (Ftpe1*Ybra(0,0,1,1,thetapp,phipp,thetaqp,phiqp,wigner)*((-(q2z*(q3x + Complex(0,1)*q3y)) + (q2x + Complex(0,1)*q2y)*q3z)*Yket(1,-1,2,2,thetaq,wigner) - Complex(0,1)*Sqrt(2)*(q2y*q3x - q2x*q3y)*Yket(1,0,2,2,thetaq,wigner) + (-(q2z*q3x) + Complex(0,1)*q2z*q3y + q2x*q3z - Complex(0,1)*q2y*q3z)*Yket(1,1,2,2,thetaq,wigner)))/Sqrt(2);
    return mtx;
}
else if (idxbra==4 && idxket==14)
{
    mtx = Ftpe1*Ybra(0,0,1,1,thetapp,phipp,thetaqp,phiqp,wigner)*((-(q2z*(q3x + Complex(0,1)*q3y)) + (q2x + Complex(0,1)*q2y)*q3z)*Yket(1,-1,2,2,thetaq,wigner) - Complex(0,1)*Sqrt(2)*(q2y*q3x - q2x*q3y)*Yket(1,0,2,2,thetaq,wigner) + (-(q2z*q3x) + Complex(0,1)*q2z*q3y + q2x*q3z - Complex(0,1)*q2y*q3z)*Yket(1,1,2,2,thetaq,wigner));
    return mtx;
}
else if (idxbra==4 && idxket==15)
{
    mtx = 0;
    return mtx;
}
else if (idxbra==4 && idxket==16)
{
    mtx = 0;
    return mtx;
}
else if (idxbra==5 && idxket==1)
{
    mtx = 0;
    return mtx;
}
else if (idxbra==5 && idxket==2)
{
    mtx = (Ftpe1*((q2z*q3x - Complex(0,1)*q2z*q3y - q2x*q3z + Complex(0,1)*q2y*q3z)*Ybra(1,-1,1,1,thetapp,phipp,thetaqp,phiqp,wigner) - Complex(0,1)*Sqrt(2)*(q2y*q3x - q2x*q3y)*Ybra(1,0,1,1,thetapp,phipp,thetaqp,phiqp,wigner) + (q2z*(q3x + Complex(0,1)*q3y) - (q2x + Complex(0,1)*q2y)*q3z)*Ybra(1,1,1,1,thetapp,phipp,thetaqp,phiqp,wigner))*Yket(0,0,0,0,thetaq,wigner))/Sqrt(2);
    return mtx;
}
else if (idxbra==5 && idxket==3)
{
    mtx = (Ftpe1*(Ybra(1,-1,1,1,thetapp,phipp,thetaqp,phiqp,wigner)*(Sqrt(6)*(-(q2z*(q3x + Complex(0,1)*q3y)) + (q2x + Complex(0,1)*q2y)*q3z)*Yket(2,-2,0,2,thetaq,wigner) - Complex(0,1)*Sqrt(6)*(q2y*q3x - q2x*q3y)*Yket(2,-1,0,2,thetaq,wigner) + (-(q2z*q3x) + Complex(0,1)*q2z*q3y + q2x*q3z - Complex(0,1)*q2y*q3z)*Yket(2,0,0,2,thetaq,wigner)) + Ybra(1,0,1,1,thetapp,phipp,thetaqp,phiqp,wigner)*(Sqrt(3)*(-(q2z*(q3x + Complex(0,1)*q3y)) + (q2x + Complex(0,1)*q2y)*q3z)*Yket(2,-1,0,2,thetaq,wigner) - Complex(0,2)*Sqrt(2)*(q2y*q3x - q2x*q3y)*Yket(2,0,0,2,thetaq,wigner) + Sqrt(3)*(-(q2z*q3x) + Complex(0,1)*q2z*q3y + q2x*q3z - Complex(0,1)*q2y*q3z)*Yket(2,1,0,2,thetaq,wigner)) + Ybra(1,1,1,1,thetapp,phipp,thetaqp,phiqp,wigner)*((-(q2z*(q3x + Complex(0,1)*q3y)) + (q2x + Complex(0,1)*q2y)*q3z)*Yket(2,0,0,2,thetaq,wigner) + Complex(0,1)*Sqrt(6)*((-(q2y*q3x) + q2x*q3y)*Yket(2,1,0,2,thetaq,wigner) + (Complex(0,1)*q2z*q3x + q2z*q3y - Complex(0,1)*q2x*q3z - q2y*q3z)*Yket(2,2,0,2,thetaq,wigner)))))/(2.*Sqrt(5));
    return mtx;
}
else if (idxbra==5 && idxket==4)
{
    mtx = 0;
    return mtx;
}
else if (idxbra==5 && idxket==5)
{
    mtx = Ftpe1*(q2x*q3x + q2y*q3y + q2z*q3z)*(Ybra(1,-1,1,1,thetapp,phipp,thetaqp,phiqp,wigner)*Yket(1,-1,1,1,thetaq,wigner) + Ybra(1,0,1,1,thetapp,phipp,thetaqp,phiqp,wigner)*Yket(1,0,1,1,thetaq,wigner) + Ybra(1,1,1,1,thetapp,phipp,thetaqp,phiqp,wigner)*Yket(1,1,1,1,thetaq,wigner));
    return mtx;
}
else if (idxbra==5 && idxket==6)
{
    mtx = 0;
    return mtx;
}
else if (idxbra==5 && idxket==7)
{
    mtx = 0;
    return mtx;
}
else if (idxbra==5 && idxket==8)
{
    mtx = 0;
    return mtx;
}
else if (idxbra==5 && idxket==9)
{
    mtx = 0;
    return mtx;
}
else if (idxbra==5 && idxket==10)
{
    mtx = 0;
    return mtx;
}
else if (idxbra==5 && idxket==11)
{
    mtx = 0;
    return mtx;
}
else if (idxbra==5 && idxket==12)
{
    mtx = (Ftpe1*((q2z*q3x - Complex(0,1)*q2z*q3y - q2x*q3z + Complex(0,1)*q2y*q3z)*Ybra(1,-1,1,1,thetapp,phipp,thetaqp,phiqp,wigner) - Complex(0,1)*Sqrt(2)*(q2y*q3x - q2x*q3y)*Ybra(1,0,1,1,thetapp,phipp,thetaqp,phiqp,wigner) + (q2z*(q3x + Complex(0,1)*q3y) - (q2x + Complex(0,1)*q2y)*q3z)*Ybra(1,1,1,1,thetapp,phipp,thetaqp,phiqp,wigner))*Yket(0,0,2,2,thetaq,wigner))/Sqrt(2);
    return mtx;
}
else if (idxbra==5 && idxket==13)
{
    mtx = (Ftpe1*(Ybra(1,-1,1,1,thetapp,phipp,thetaqp,phiqp,wigner)*(Complex(0,1)*Sqrt(2)*(q2y*q3x - q2x*q3y)*Yket(1,-1,2,2,thetaq,wigner) + (q2z*q3x - Complex(0,1)*q2z*q3y - q2x*q3z + Complex(0,1)*q2y*q3z)*Yket(1,0,2,2,thetaq,wigner)) + Ybra(1,1,1,1,thetapp,phipp,thetaqp,phiqp,wigner)*((-(q2z*(q3x + Complex(0,1)*q3y)) + (q2x + Complex(0,1)*q2y)*q3z)*Yket(1,0,2,2,thetaq,wigner) - Complex(0,1)*Sqrt(2)*(q2y*q3x - q2x*q3y)*Yket(1,1,2,2,thetaq,wigner)) + Ybra(1,0,1,1,thetapp,phipp,thetaqp,phiqp,wigner)*((-(q2z*(q3x + Complex(0,1)*q3y)) + (q2x + Complex(0,1)*q2y)*q3z)*Yket(1,-1,2,2,thetaq,wigner) + (q2z*q3x - Complex(0,1)*q2z*q3y - q2x*q3z + Complex(0,1)*q2y*q3z)*Yket(1,1,2,2,thetaq,wigner))))/Sqrt(6);
    return mtx;
}
else if (idxbra==5 && idxket==14)
{
    mtx = (Ftpe1*(Ybra(1,-1,1,1,thetapp,phipp,thetaqp,phiqp,wigner)*(Complex(0,-1)*Sqrt(2)*(q2y*q3x - q2x*q3y)*Yket(1,-1,2,2,thetaq,wigner) + (-(q2z*q3x) + Complex(0,1)*q2z*q3y + q2x*q3z - Complex(0,1)*q2y*q3z)*Yket(1,0,2,2,thetaq,wigner)) + Ybra(1,1,1,1,thetapp,phipp,thetaqp,phiqp,wigner)*((q2z*(q3x + Complex(0,1)*q3y) - (q2x + Complex(0,1)*q2y)*q3z)*Yket(1,0,2,2,thetaq,wigner) + Complex(0,1)*Sqrt(2)*(q2y*q3x - q2x*q3y)*Yket(1,1,2,2,thetaq,wigner)) + Ybra(1,0,1,1,thetapp,phipp,thetaqp,phiqp,wigner)*((q2z*(q3x + Complex(0,1)*q3y) - (q2x + Complex(0,1)*q2y)*q3z)*Yket(1,-1,2,2,thetaq,wigner) + (-(q2z*q3x) + Complex(0,1)*q2z*q3y + q2x*q3z - Complex(0,1)*q2y*q3z)*Yket(1,1,2,2,thetaq,wigner))))/(2.*Sqrt(3));
    return mtx;
}
else if (idxbra==5 && idxket==15)
{
    mtx = (Ftpe1*(Ybra(1,-1,1,1,thetapp,phipp,thetaqp,phiqp,wigner)*(Sqrt(6)*(-(q2z*(q3x + Complex(0,1)*q3y)) + (q2x + Complex(0,1)*q2y)*q3z)*Yket(2,-2,2,0,thetaq,wigner) - Complex(0,1)*Sqrt(6)*(q2y*q3x - q2x*q3y)*Yket(2,-1,2,0,thetaq,wigner) + (-(q2z*q3x) + Complex(0,1)*q2z*q3y + q2x*q3z - Complex(0,1)*q2y*q3z)*Yket(2,0,2,0,thetaq,wigner)) + Ybra(1,0,1,1,thetapp,phipp,thetaqp,phiqp,wigner)*(Sqrt(3)*(-(q2z*(q3x + Complex(0,1)*q3y)) + (q2x + Complex(0,1)*q2y)*q3z)*Yket(2,-1,2,0,thetaq,wigner) - Complex(0,2)*Sqrt(2)*(q2y*q3x - q2x*q3y)*Yket(2,0,2,0,thetaq,wigner) + Sqrt(3)*(-(q2z*q3x) + Complex(0,1)*q2z*q3y + q2x*q3z - Complex(0,1)*q2y*q3z)*Yket(2,1,2,0,thetaq,wigner)) + Ybra(1,1,1,1,thetapp,phipp,thetaqp,phiqp,wigner)*((-(q2z*(q3x + Complex(0,1)*q3y)) + (q2x + Complex(0,1)*q2y)*q3z)*Yket(2,0,2,0,thetaq,wigner) + Complex(0,1)*Sqrt(6)*((-(q2y*q3x) + q2x*q3y)*Yket(2,1,2,0,thetaq,wigner) + (Complex(0,1)*q2z*q3x + q2z*q3y - Complex(0,1)*q2x*q3z - q2y*q3z)*Yket(2,2,2,0,thetaq,wigner)))))/(2.*Sqrt(5));
    return mtx;
}
else if (idxbra==5 && idxket==16)
{
    mtx = (Ftpe1*(Ybra(1,-1,1,1,thetapp,phipp,thetaqp,phiqp,wigner)*(Sqrt(6)*(-(q2z*(q3x + Complex(0,1)*q3y)) + (q2x + Complex(0,1)*q2y)*q3z)*Yket(2,-2,2,2,thetaq,wigner) - Complex(0,1)*Sqrt(6)*(q2y*q3x - q2x*q3y)*Yket(2,-1,2,2,thetaq,wigner) + (-(q2z*q3x) + Complex(0,1)*q2z*q3y + q2x*q3z - Complex(0,1)*q2y*q3z)*Yket(2,0,2,2,thetaq,wigner)) + Ybra(1,0,1,1,thetapp,phipp,thetaqp,phiqp,wigner)*(Sqrt(3)*(-(q2z*(q3x + Complex(0,1)*q3y)) + (q2x + Complex(0,1)*q2y)*q3z)*Yket(2,-1,2,2,thetaq,wigner) - Complex(0,2)*Sqrt(2)*(q2y*q3x - q2x*q3y)*Yket(2,0,2,2,thetaq,wigner) + Sqrt(3)*(-(q2z*q3x) + Complex(0,1)*q2z*q3y + q2x*q3z - Complex(0,1)*q2y*q3z)*Yket(2,1,2,2,thetaq,wigner)) + Ybra(1,1,1,1,thetapp,phipp,thetaqp,phiqp,wigner)*((-(q2z*(q3x + Complex(0,1)*q3y)) + (q2x + Complex(0,1)*q2y)*q3z)*Yket(2,0,2,2,thetaq,wigner) + Complex(0,1)*Sqrt(6)*((-(q2y*q3x) + q2x*q3y)*Yket(2,1,2,2,thetaq,wigner) + (Complex(0,1)*q2z*q3x + q2z*q3y - Complex(0,1)*q2x*q3z - q2y*q3z)*Yket(2,2,2,2,thetaq,wigner)))))/(2.*Sqrt(5));
    return mtx;
}
else if (idxbra==6 && idxket==1)
{
    mtx = 0;
    return mtx;
}
else if (idxbra==6 && idxket==2)
{
    mtx = 0;
    return mtx;
}
else if (idxbra==6 && idxket==3)
{
    mtx = 0;
    return mtx;
}
else if (idxbra==6 && idxket==4)
{
    mtx = 0;
    return mtx;
}
else if (idxbra==6 && idxket==5)
{
    mtx = 0;
    return mtx;
}
else if (idxbra==6 && idxket==6)
{
    mtx = (Ftpe1*(q2x*q3x + q2y*q3y + q2z*q3z)*Ybra(0,0,1,1,thetapp,phipp,thetaqp,phiqp,wigner)*Yket(0,0,1,1,thetaq,wigner))/3.;
    return mtx;
}
else if (idxbra==6 && idxket==7)
{
    mtx = 0;
    return mtx;
}
else if (idxbra==6 && idxket==8)
{
    mtx = 0;
    return mtx;
}
else if (idxbra==6 && idxket==9)
{
    mtx = -0.3333333333333333*(Ftpe1*Ybra(0,0,1,1,thetapp,phipp,thetaqp,phiqp,wigner)*(Sqrt(3)*(q2x + Complex(0,1)*q2y)*(q3x + Complex(0,1)*q3y)*Yket(2,-2,1,1,thetaq,wigner) + Sqrt(3)*(q2z*q3x + Complex(0,1)*q2z*q3y + q2x*q3z + Complex(0,1)*q2y*q3z)*Yket(2,-1,1,1,thetaq,wigner) - Sqrt(2)*q2x*q3x*Yket(2,0,1,1,thetaq,wigner) - Sqrt(2)*q2y*q3y*Yket(2,0,1,1,thetaq,wigner) + 2*Sqrt(2)*q2z*q3z*Yket(2,0,1,1,thetaq,wigner) - Sqrt(3)*q2z*q3x*Yket(2,1,1,1,thetaq,wigner) + Complex(0,1)*Sqrt(3)*q2z*q3y*Yket(2,1,1,1,thetaq,wigner) - Sqrt(3)*q2x*q3z*Yket(2,1,1,1,thetaq,wigner) + Complex(0,1)*Sqrt(3)*q2y*q3z*Yket(2,1,1,1,thetaq,wigner) + Sqrt(3)*q2x*q3x*Yket(2,2,1,1,thetaq,wigner) - Complex(0,1)*Sqrt(3)*q2y*q3x*Yket(2,2,1,1,thetaq,wigner) - Complex(0,1)*Sqrt(3)*q2x*q3y*Yket(2,2,1,1,thetaq,wigner) - Sqrt(3)*q2y*q3y*Yket(2,2,1,1,thetaq,wigner)))/Sqrt(5);
    return mtx;
}
else if (idxbra==6 && idxket==10)
{
    mtx = 0;
    return mtx;
}
else if (idxbra==6 && idxket==11)
{
    mtx = (Ftpe1*Ybra(0,0,1,1,thetapp,phipp,thetaqp,phiqp,wigner)*((-(q2z*(q3x + Complex(0,1)*q3y)) + (q2x + Complex(0,1)*q2y)*q3z)*Yket(1,-1,2,2,thetaq,wigner) - Complex(0,1)*Sqrt(2)*(q2y*q3x - q2x*q3y)*Yket(1,0,2,2,thetaq,wigner) + (-(q2z*q3x) + Complex(0,1)*q2z*q3y + q2x*q3z - Complex(0,1)*q2y*q3z)*Yket(1,1,2,2,thetaq,wigner)))/(3.*Sqrt(2));
    return mtx;
}
else if (idxbra==6 && idxket==12)
{
    mtx = 0;
    return mtx;
}
else if (idxbra==6 && idxket==13)
{
    mtx = 0;
    return mtx;
}
else if (idxbra==6 && idxket==14)
{
    mtx = 0;
    return mtx;
}
else if (idxbra==6 && idxket==15)
{
    mtx = 0;
    return mtx;
}
else if (idxbra==6 && idxket==16)
{
    mtx = 0;
    return mtx;
}
else if (idxbra==7 && idxket==1)
{
    mtx = (Ftpe1*((q2z*q3x - Complex(0,1)*q2z*q3y - q2x*q3z + Complex(0,1)*q2y*q3z)*Ybra(1,-1,1,1,thetapp,phipp,thetaqp,phiqp,wigner) - Complex(0,1)*Sqrt(2)*(q2y*q3x - q2x*q3y)*Ybra(1,0,1,1,thetapp,phipp,thetaqp,phiqp,wigner) + (q2z*(q3x + Complex(0,1)*q3y) - (q2x + Complex(0,1)*q2y)*q3z)*Ybra(1,1,1,1,thetapp,phipp,thetaqp,phiqp,wigner))*Yket(0,0,0,0,thetaq,wigner))/(3.*Sqrt(2));
    return mtx;
}
else if (idxbra==7 && idxket==2)
{
    mtx = 0;
    return mtx;
}
else if (idxbra==7 && idxket==3)
{
    mtx = 0;
    return mtx;
}
else if (idxbra==7 && idxket==4)
{
    mtx = 0;
    return mtx;
}
else if (idxbra==7 && idxket==5)
{
    mtx = 0;
    return mtx;
}
else if (idxbra==7 && idxket==6)
{
    mtx = 0;
    return mtx;
}
else if (idxbra==7 && idxket==7)
{
    mtx = (Ftpe1*(q2x*q3x + q2y*q3y + q2z*q3z)*(Ybra(1,-1,1,1,thetapp,phipp,thetaqp,phiqp,wigner)*Yket(1,-1,1,1,thetaq,wigner) + Ybra(1,0,1,1,thetapp,phipp,thetaqp,phiqp,wigner)*Yket(1,0,1,1,thetaq,wigner) + Ybra(1,1,1,1,thetapp,phipp,thetaqp,phiqp,wigner)*Yket(1,1,1,1,thetaq,wigner)))/9.;
    return mtx;
}
else if (idxbra==7 && idxket==8)
{
    mtx = -0.05555555555555555*(Ftpe1*(Ybra(1,-1,1,1,thetapp,phipp,thetaqp,phiqp,wigner)*(Sqrt(2)*(q2x*q3x + q2y*q3y - 2*q2z*q3z)*Yket(1,-1,1,1,thetaq,wigner) + 3*(q2z*q3x - Complex(0,1)*q2z*q3y + q2x*q3z - Complex(0,1)*q2y*q3z)*Yket(1,0,1,1,thetaq,wigner) - 3*Sqrt(2)*(q2x - Complex(0,1)*q2y)*(q3x - Complex(0,1)*q3y)*Yket(1,1,1,1,thetaq,wigner)) + Ybra(1,0,1,1,thetapp,phipp,thetaqp,phiqp,wigner)*(3*(q2z*(q3x + Complex(0,1)*q3y) + (q2x + Complex(0,1)*q2y)*q3z)*Yket(1,-1,1,1,thetaq,wigner) - 2*Sqrt(2)*(q2x*q3x + q2y*q3y - 2*q2z*q3z)*Yket(1,0,1,1,thetaq,wigner) - 3*(q2z*q3x - Complex(0,1)*q2z*q3y + q2x*q3z - Complex(0,1)*q2y*q3z)*Yket(1,1,1,1,thetaq,wigner)) - Ybra(1,1,1,1,thetapp,phipp,thetaqp,phiqp,wigner)*(3*Sqrt(2)*(q2x + Complex(0,1)*q2y)*(q3x + Complex(0,1)*q3y)*Yket(1,-1,1,1,thetaq,wigner) + 3*(q2z*(q3x + Complex(0,1)*q3y) + (q2x + Complex(0,1)*q2y)*q3z)*Yket(1,0,1,1,thetaq,wigner) - Sqrt(2)*(q2x*q3x + q2y*q3y - 2*q2z*q3z)*Yket(1,1,1,1,thetaq,wigner))));
    return mtx;
}
else if (idxbra==7 && idxket==9)
{
    mtx = (Ftpe1*(Ybra(1,-1,1,1,thetapp,phipp,thetaqp,phiqp,wigner)*(Sqrt(2)*(q2z*(q3x + Complex(0,1)*q3y) + (q2x + Complex(0,1)*q2y)*q3z)*Yket(2,-2,1,1,thetaq,wigner) - Sqrt(2)*(q2x*q3x + q2y*q3y - 2*q2z*q3z)*Yket(2,-1,1,1,thetaq,wigner) - Sqrt(3)*q2z*q3x*Yket(2,0,1,1,thetaq,wigner) + Complex(0,1)*Sqrt(3)*q2z*q3y*Yket(2,0,1,1,thetaq,wigner) - Sqrt(3)*q2x*q3z*Yket(2,0,1,1,thetaq,wigner) + Complex(0,1)*Sqrt(3)*q2y*q3z*Yket(2,0,1,1,thetaq,wigner) + Sqrt(2)*q2x*q3x*Yket(2,1,1,1,thetaq,wigner) - Complex(0,1)*Sqrt(2)*q2y*q3x*Yket(2,1,1,1,thetaq,wigner) - Complex(0,1)*Sqrt(2)*q2x*q3y*Yket(2,1,1,1,thetaq,wigner) - Sqrt(2)*q2y*q3y*Yket(2,1,1,1,thetaq,wigner)) - Ybra(1,0,1,1,thetapp,phipp,thetaqp,phiqp,wigner)*(2*(q2x + Complex(0,1)*q2y)*(q3x + Complex(0,1)*q3y)*Yket(2,-2,1,1,thetaq,wigner) + (q2z*q3x + Complex(0,1)*q2z*q3y + q2x*q3z + Complex(0,1)*q2y*q3z)*Yket(2,-1,1,1,thetaq,wigner) + q2z*q3x*Yket(2,1,1,1,thetaq,wigner) - Complex(0,1)*q2z*q3y*Yket(2,1,1,1,thetaq,wigner) + q2x*q3z*Yket(2,1,1,1,thetaq,wigner) - Complex(0,1)*q2y*q3z*Yket(2,1,1,1,thetaq,wigner) - 2*q2x*q3x*Yket(2,2,1,1,thetaq,wigner) + Complex(0,2)*q2y*q3x*Yket(2,2,1,1,thetaq,wigner) + Complex(0,2)*q2x*q3y*Yket(2,2,1,1,thetaq,wigner) + 2*q2y*q3y*Yket(2,2,1,1,thetaq,wigner)) - Ybra(1,1,1,1,thetapp,phipp,thetaqp,phiqp,wigner)*(Sqrt(2)*(q2x + Complex(0,1)*q2y)*(q3x + Complex(0,1)*q3y)*Yket(2,-1,1,1,thetaq,wigner) + Sqrt(3)*(q2z*(q3x + Complex(0,1)*q3y) + (q2x + Complex(0,1)*q2y)*q3z)*Yket(2,0,1,1,thetaq,wigner) - Sqrt(2)*((q2x*q3x + q2y*q3y - 2*q2z*q3z)*Yket(2,1,1,1,thetaq,wigner) + (q2z*(q3x - Complex(0,1)*q3y) + (q2x - Complex(0,1)*q2y)*q3z)*Yket(2,2,1,1,thetaq,wigner)))))/(6.*Sqrt(5));
    return mtx;
}
else if (idxbra==7 && idxket==10)
{
    mtx = (Ftpe1*((q2z*q3x - Complex(0,1)*q2z*q3y - q2x*q3z + Complex(0,1)*q2y*q3z)*Ybra(1,-1,1,1,thetapp,phipp,thetaqp,phiqp,wigner) - Complex(0,1)*Sqrt(2)*(q2y*q3x - q2x*q3y)*Ybra(1,0,1,1,thetapp,phipp,thetaqp,phiqp,wigner) + (q2z*(q3x + Complex(0,1)*q3y) - (q2x + Complex(0,1)*q2y)*q3z)*Ybra(1,1,1,1,thetapp,phipp,thetaqp,phiqp,wigner))*Yket(0,0,2,2,thetaq,wigner))/(3.*Sqrt(2));
    return mtx;
}
else if (idxbra==7 && idxket==11)
{
    mtx = (Ftpe1*(Ybra(1,-1,1,1,thetapp,phipp,thetaqp,phiqp,wigner)*(Complex(0,1)*Sqrt(2)*(q2y*q3x - q2x*q3y)*Yket(1,-1,2,2,thetaq,wigner) + (q2z*q3x - Complex(0,1)*q2z*q3y - q2x*q3z + Complex(0,1)*q2y*q3z)*Yket(1,0,2,2,thetaq,wigner)) + Ybra(1,1,1,1,thetapp,phipp,thetaqp,phiqp,wigner)*((-(q2z*(q3x + Complex(0,1)*q3y)) + (q2x + Complex(0,1)*q2y)*q3z)*Yket(1,0,2,2,thetaq,wigner) - Complex(0,1)*Sqrt(2)*(q2y*q3x - q2x*q3y)*Yket(1,1,2,2,thetaq,wigner)) + Ybra(1,0,1,1,thetapp,phipp,thetaqp,phiqp,wigner)*((-(q2z*(q3x + Complex(0,1)*q3y)) + (q2x + Complex(0,1)*q2y)*q3z)*Yket(1,-1,2,2,thetaq,wigner) + (q2z*q3x - Complex(0,1)*q2z*q3y - q2x*q3z + Complex(0,1)*q2y*q3z)*Yket(1,1,2,2,thetaq,wigner))))/(3.*Sqrt(6));
    return mtx;
}
else if (idxbra==7 && idxket==12)
{
    mtx = 0;
    return mtx;
}
else if (idxbra==7 && idxket==13)
{
    mtx = 0;
    return mtx;
}
else if (idxbra==7 && idxket==14)
{
    mtx = 0;
    return mtx;
}
else if (idxbra==7 && idxket==15)
{
    mtx = 0;
    return mtx;
}
else if (idxbra==7 && idxket==16)
{
    mtx = 0;
    return mtx;
}
else if (idxbra==8 && idxket==1)
{
    mtx = (Ftpe1*(Sqrt(2)*(q2z*q3x - Complex(0,1)*q2z*q3y - q2x*q3z + Complex(0,1)*q2y*q3z)*Ybra(1,-1,1,1,thetapp,phipp,thetaqp,phiqp,wigner) - Complex(0,2)*(q2y*q3x - q2x*q3y)*Ybra(1,0,1,1,thetapp,phipp,thetaqp,phiqp,wigner) + Sqrt(2)*(q2z*(q3x + Complex(0,1)*q3y) - (q2x + Complex(0,1)*q2y)*q3z)*Ybra(1,1,1,1,thetapp,phipp,thetaqp,phiqp,wigner))*Yket(0,0,0,0,thetaq,wigner))/(3.*Sqrt(2));
    return mtx;
}
else if (idxbra==8 && idxket==2)
{
    mtx = 0;
    return mtx;
}
else if (idxbra==8 && idxket==3)
{
    mtx = 0;
    return mtx;
}
else if (idxbra==8 && idxket==4)
{
    mtx = 0;
    return mtx;
}
else if (idxbra==8 && idxket==5)
{
    mtx = 0;
    return mtx;
}
else if (idxbra==8 && idxket==6)
{
    mtx = 0;
    return mtx;
}
else if (idxbra==8 && idxket==7)
{
    mtx = -0.05555555555555555*(Ftpe1*(Ybra(1,-1,1,1,thetapp,phipp,thetaqp,phiqp,wigner)*(Sqrt(2)*(q2x*q3x + q2y*q3y - 2*q2z*q3z)*Yket(1,-1,1,1,thetaq,wigner) + 3*(q2z*q3x - Complex(0,1)*q2z*q3y + q2x*q3z - Complex(0,1)*q2y*q3z)*Yket(1,0,1,1,thetaq,wigner) - 3*Sqrt(2)*(q2x - Complex(0,1)*q2y)*(q3x - Complex(0,1)*q3y)*Yket(1,1,1,1,thetaq,wigner)) + Ybra(1,0,1,1,thetapp,phipp,thetaqp,phiqp,wigner)*(3*(q2z*(q3x + Complex(0,1)*q3y) + (q2x + Complex(0,1)*q2y)*q3z)*Yket(1,-1,1,1,thetaq,wigner) - 2*Sqrt(2)*(q2x*q3x + q2y*q3y - 2*q2z*q3z)*Yket(1,0,1,1,thetaq,wigner) - 3*(q2z*q3x - Complex(0,1)*q2z*q3y + q2x*q3z - Complex(0,1)*q2y*q3z)*Yket(1,1,1,1,thetaq,wigner)) - Ybra(1,1,1,1,thetapp,phipp,thetaqp,phiqp,wigner)*(3*Sqrt(2)*(q2x + Complex(0,1)*q2y)*(q3x + Complex(0,1)*q3y)*Yket(1,-1,1,1,thetaq,wigner) + 3*(q2z*(q3x + Complex(0,1)*q3y) + (q2x + Complex(0,1)*q2y)*q3z)*Yket(1,0,1,1,thetaq,wigner) - Sqrt(2)*(q2x*q3x + q2y*q3y - 2*q2z*q3z)*Yket(1,1,1,1,thetaq,wigner))));
    return mtx;
}
else if (idxbra==8 && idxket==8)
{
    mtx = (Ftpe1*(Ybra(1,-1,1,1,thetapp,phipp,thetaqp,phiqp,wigner)*(2*(q2x*q3x + q2y*q3y + 4*q2z*q3z)*Yket(1,-1,1,1,thetaq,wigner) - 3*Sqrt(2)*(q2z*q3x - Complex(0,1)*q2z*q3y + q2x*q3z - Complex(0,1)*q2y*q3z)*Yket(1,0,1,1,thetaq,wigner) + 6*(q2x - Complex(0,1)*q2y)*(q3x - Complex(0,1)*q3y)*Yket(1,1,1,1,thetaq,wigner)) - Ybra(1,0,1,1,thetapp,phipp,thetaqp,phiqp,wigner)*(3*Sqrt(2)*(q2z*(q3x + Complex(0,1)*q3y) + (q2x + Complex(0,1)*q2y)*q3z)*Yket(1,-1,1,1,thetaq,wigner) + (-8*q2x*q3x - 8*q2y*q3y + 4*q2z*q3z)*Yket(1,0,1,1,thetaq,wigner) - 3*Sqrt(2)*(q2z*q3x - Complex(0,1)*q2z*q3y + q2x*q3z - Complex(0,1)*q2y*q3z)*Yket(1,1,1,1,thetaq,wigner)) + Ybra(1,1,1,1,thetapp,phipp,thetaqp,phiqp,wigner)*(6*(q2x + Complex(0,1)*q2y)*(q3x + Complex(0,1)*q3y)*Yket(1,-1,1,1,thetaq,wigner) + 3*Sqrt(2)*(q2z*q3x + Complex(0,1)*q2z*q3y + q2x*q3z + Complex(0,1)*q2y*q3z)*Yket(1,0,1,1,thetaq,wigner) + 2*(q2x*q3x + q2y*q3y + 4*q2z*q3z)*Yket(1,1,1,1,thetaq,wigner))))/36.;
    return mtx;
}
else if (idxbra==8 && idxket==9)
{
    mtx = (Ftpe1*(Ybra(1,-1,1,1,thetapp,phipp,thetaqp,phiqp,wigner)*(-2*(q2z*(q3x + Complex(0,1)*q3y) + (q2x + Complex(0,1)*q2y)*q3z)*Yket(2,-2,1,1,thetaq,wigner) + 2*(q2x*q3x + q2y*q3y - 2*q2z*q3z)*Yket(2,-1,1,1,thetaq,wigner) + Sqrt(6)*q2z*q3x*Yket(2,0,1,1,thetaq,wigner) - Complex(0,1)*Sqrt(6)*q2z*q3y*Yket(2,0,1,1,thetaq,wigner) + Sqrt(6)*q2x*q3z*Yket(2,0,1,1,thetaq,wigner) - Complex(0,1)*Sqrt(6)*q2y*q3z*Yket(2,0,1,1,thetaq,wigner) - 2*q2x*q3x*Yket(2,1,1,1,thetaq,wigner) + Complex(0,2)*q2y*q3x*Yket(2,1,1,1,thetaq,wigner) + Complex(0,2)*q2x*q3y*Yket(2,1,1,1,thetaq,wigner) + 2*q2y*q3y*Yket(2,1,1,1,thetaq,wigner)) + Sqrt(2)*Ybra(1,0,1,1,thetapp,phipp,thetaqp,phiqp,wigner)*(2*(q2x + Complex(0,1)*q2y)*(q3x + Complex(0,1)*q3y)*Yket(2,-2,1,1,thetaq,wigner) + (q2z*q3x + Complex(0,1)*q2z*q3y + q2x*q3z + Complex(0,1)*q2y*q3z)*Yket(2,-1,1,1,thetaq,wigner) + q2z*q3x*Yket(2,1,1,1,thetaq,wigner) - Complex(0,1)*q2z*q3y*Yket(2,1,1,1,thetaq,wigner) + q2x*q3z*Yket(2,1,1,1,thetaq,wigner) - Complex(0,1)*q2y*q3z*Yket(2,1,1,1,thetaq,wigner) - 2*q2x*q3x*Yket(2,2,1,1,thetaq,wigner) + Complex(0,2)*q2y*q3x*Yket(2,2,1,1,thetaq,wigner) + Complex(0,2)*q2x*q3y*Yket(2,2,1,1,thetaq,wigner) + 2*q2y*q3y*Yket(2,2,1,1,thetaq,wigner)) + Ybra(1,1,1,1,thetapp,phipp,thetaqp,phiqp,wigner)*(2*(q2x + Complex(0,1)*q2y)*(q3x + Complex(0,1)*q3y)*Yket(2,-1,1,1,thetaq,wigner) + Sqrt(6)*(q2z*(q3x + Complex(0,1)*q3y) + (q2x + Complex(0,1)*q2y)*q3z)*Yket(2,0,1,1,thetaq,wigner) - 2*((q2x*q3x + q2y*q3y - 2*q2z*q3z)*Yket(2,1,1,1,thetaq,wigner) + (q2z*q3x - Complex(0,1)*q2z*q3y + q2x*q3z - Complex(0,1)*q2y*q3z)*Yket(2,2,1,1,thetaq,wigner)))))/(12.*Sqrt(5));
    return mtx;
}
else if (idxbra==8 && idxket==10)
{
    mtx = (Ftpe1*(Sqrt(2)*(q2z*q3x - Complex(0,1)*q2z*q3y - q2x*q3z + Complex(0,1)*q2y*q3z)*Ybra(1,-1,1,1,thetapp,phipp,thetaqp,phiqp,wigner) - Complex(0,2)*(q2y*q3x - q2x*q3y)*Ybra(1,0,1,1,thetapp,phipp,thetaqp,phiqp,wigner) + Sqrt(2)*(q2z*(q3x + Complex(0,1)*q3y) - (q2x + Complex(0,1)*q2y)*q3z)*Ybra(1,1,1,1,thetapp,phipp,thetaqp,phiqp,wigner))*Yket(0,0,2,2,thetaq,wigner))/(3.*Sqrt(2));
    return mtx;
}
else if (idxbra==8 && idxket==11)
{
    mtx = (Ftpe1*(Ybra(1,-1,1,1,thetapp,phipp,thetaqp,phiqp,wigner)*(Complex(0,-2)*(q2y*q3x - q2x*q3y)*Yket(1,-1,2,2,thetaq,wigner) + Sqrt(2)*(-(q2z*q3x) + Complex(0,1)*q2z*q3y + q2x*q3z - Complex(0,1)*q2y*q3z)*Yket(1,0,2,2,thetaq,wigner)) + Ybra(1,1,1,1,thetapp,phipp,thetaqp,phiqp,wigner)*(Sqrt(2)*(q2z*(q3x + Complex(0,1)*q3y) - (q2x + Complex(0,1)*q2y)*q3z)*Yket(1,0,2,2,thetaq,wigner) + Complex(0,2)*(q2y*q3x - q2x*q3y)*Yket(1,1,2,2,thetaq,wigner)) + Sqrt(2)*Ybra(1,0,1,1,thetapp,phipp,thetaqp,phiqp,wigner)*((q2z*(q3x + Complex(0,1)*q3y) - (q2x + Complex(0,1)*q2y)*q3z)*Yket(1,-1,2,2,thetaq,wigner) + (-(q2z*q3x) + Complex(0,1)*q2z*q3y + q2x*q3z - Complex(0,1)*q2y*q3z)*Yket(1,1,2,2,thetaq,wigner))))/(6.*Sqrt(6));
    return mtx;
}
else if (idxbra==8 && idxket==12)
{
    mtx = 0;
    return mtx;
}
else if (idxbra==8 && idxket==13)
{
    mtx = 0;
    return mtx;
}
else if (idxbra==8 && idxket==14)
{
    mtx = 0;
    return mtx;
}
else if (idxbra==8 && idxket==15)
{
    mtx = 0;
    return mtx;
}
else if (idxbra==8 && idxket==16)
{
    mtx = 0;
    return mtx;
}
else if (idxbra==9 && idxket==1)
{
    mtx = 0;
    return mtx;
}
else if (idxbra==9 && idxket==2)
{
    mtx = 0;
    return mtx;
}
else if (idxbra==9 && idxket==3)
{
    mtx = 0;
    return mtx;
}
else if (idxbra==9 && idxket==4)
{
    mtx = 0;
    return mtx;
}
else if (idxbra==9 && idxket==5)
{
    mtx = 0;
    return mtx;
}
else if (idxbra==9 && idxket==6)
{
    mtx = -0.3333333333333333*(Ftpe1*(Sqrt(3)*(q2x - Complex(0,1)*q2y)*(q3x - Complex(0,1)*q3y)*Ybra(2,-2,1,1,thetapp,phipp,thetaqp,phiqp,wigner) + Sqrt(3)*(q2z*q3x - Complex(0,1)*q2z*q3y + q2x*q3z - Complex(0,1)*q2y*q3z)*Ybra(2,-1,1,1,thetapp,phipp,thetaqp,phiqp,wigner) - Sqrt(2)*q2x*q3x*Ybra(2,0,1,1,thetapp,phipp,thetaqp,phiqp,wigner) - Sqrt(2)*q2y*q3y*Ybra(2,0,1,1,thetapp,phipp,thetaqp,phiqp,wigner) + 2*Sqrt(2)*q2z*q3z*Ybra(2,0,1,1,thetapp,phipp,thetaqp,phiqp,wigner) - Sqrt(3)*q2z*q3x*Ybra(2,1,1,1,thetapp,phipp,thetaqp,phiqp,wigner) - Complex(0,1)*Sqrt(3)*q2z*q3y*Ybra(2,1,1,1,thetapp,phipp,thetaqp,phiqp,wigner) - Sqrt(3)*q2x*q3z*Ybra(2,1,1,1,thetapp,phipp,thetaqp,phiqp,wigner) - Complex(0,1)*Sqrt(3)*q2y*q3z*Ybra(2,1,1,1,thetapp,phipp,thetaqp,phiqp,wigner) + Sqrt(3)*q2x*q3x*Ybra(2,2,1,1,thetapp,phipp,thetaqp,phiqp,wigner) + Complex(0,1)*Sqrt(3)*q2y*q3x*Ybra(2,2,1,1,thetapp,phipp,thetaqp,phiqp,wigner) + Complex(0,1)*Sqrt(3)*q2x*q3y*Ybra(2,2,1,1,thetapp,phipp,thetaqp,phiqp,wigner) - Sqrt(3)*q2y*q3y*Ybra(2,2,1,1,thetapp,phipp,thetaqp,phiqp,wigner))*Yket(0,0,1,1,thetaq,wigner))/Sqrt(5);
    return mtx;
}
else if (idxbra==9 && idxket==7)
{
    mtx = (Ftpe1*(-(Sqrt(3)*q2z*q3x*Ybra(2,0,1,1,thetapp,phipp,thetaqp,phiqp,wigner)*Yket(1,-1,1,1,thetaq,wigner)) - Complex(0,1)*Sqrt(3)*q2z*q3y*Ybra(2,0,1,1,thetapp,phipp,thetaqp,phiqp,wigner)*Yket(1,-1,1,1,thetaq,wigner) - Sqrt(3)*q2x*q3z*Ybra(2,0,1,1,thetapp,phipp,thetaqp,phiqp,wigner)*Yket(1,-1,1,1,thetaq,wigner) - Complex(0,1)*Sqrt(3)*q2y*q3z*Ybra(2,0,1,1,thetapp,phipp,thetaqp,phiqp,wigner)*Yket(1,-1,1,1,thetaq,wigner) + Sqrt(2)*q2x*q3x*Ybra(2,1,1,1,thetapp,phipp,thetaqp,phiqp,wigner)*Yket(1,-1,1,1,thetaq,wigner) + Complex(0,1)*Sqrt(2)*q2y*q3x*Ybra(2,1,1,1,thetapp,phipp,thetaqp,phiqp,wigner)*Yket(1,-1,1,1,thetaq,wigner) + Complex(0,1)*Sqrt(2)*q2x*q3y*Ybra(2,1,1,1,thetapp,phipp,thetaqp,phiqp,wigner)*Yket(1,-1,1,1,thetaq,wigner) - Sqrt(2)*q2y*q3y*Ybra(2,1,1,1,thetapp,phipp,thetaqp,phiqp,wigner)*Yket(1,-1,1,1,thetaq,wigner) - q2z*q3x*Ybra(2,1,1,1,thetapp,phipp,thetaqp,phiqp,wigner)*Yket(1,0,1,1,thetaq,wigner) - Complex(0,1)*q2z*q3y*Ybra(2,1,1,1,thetapp,phipp,thetaqp,phiqp,wigner)*Yket(1,0,1,1,thetaq,wigner) - q2x*q3z*Ybra(2,1,1,1,thetapp,phipp,thetaqp,phiqp,wigner)*Yket(1,0,1,1,thetaq,wigner) - Complex(0,1)*q2y*q3z*Ybra(2,1,1,1,thetapp,phipp,thetaqp,phiqp,wigner)*Yket(1,0,1,1,thetaq,wigner) + 2*q2x*q3x*Ybra(2,2,1,1,thetapp,phipp,thetaqp,phiqp,wigner)*Yket(1,0,1,1,thetaq,wigner) + Complex(0,2)*q2y*q3x*Ybra(2,2,1,1,thetapp,phipp,thetaqp,phiqp,wigner)*Yket(1,0,1,1,thetaq,wigner) + Complex(0,2)*q2x*q3y*Ybra(2,2,1,1,thetapp,phipp,thetaqp,phiqp,wigner)*Yket(1,0,1,1,thetaq,wigner) - 2*q2y*q3y*Ybra(2,2,1,1,thetapp,phipp,thetaqp,phiqp,wigner)*Yket(1,0,1,1,thetaq,wigner) + Ybra(2,-2,1,1,thetapp,phipp,thetaqp,phiqp,wigner)*(Sqrt(2)*(q2z*(q3x - Complex(0,1)*q3y) + (q2x - Complex(0,1)*q2y)*q3z)*Yket(1,-1,1,1,thetaq,wigner) - 2*(q2x - Complex(0,1)*q2y)*(q3x - Complex(0,1)*q3y)*Yket(1,0,1,1,thetaq,wigner)) - Sqrt(3)*q2z*q3x*Ybra(2,0,1,1,thetapp,phipp,thetaqp,phiqp,wigner)*Yket(1,1,1,1,thetaq,wigner) + Complex(0,1)*Sqrt(3)*q2z*q3y*Ybra(2,0,1,1,thetapp,phipp,thetaqp,phiqp,wigner)*Yket(1,1,1,1,thetaq,wigner) - Sqrt(3)*q2x*q3z*Ybra(2,0,1,1,thetapp,phipp,thetaqp,phiqp,wigner)*Yket(1,1,1,1,thetaq,wigner) + Complex(0,1)*Sqrt(3)*q2y*q3z*Ybra(2,0,1,1,thetapp,phipp,thetaqp,phiqp,wigner)*Yket(1,1,1,1,thetaq,wigner) + Sqrt(2)*q2x*q3x*Ybra(2,1,1,1,thetapp,phipp,thetaqp,phiqp,wigner)*Yket(1,1,1,1,thetaq,wigner) + Sqrt(2)*q2y*q3y*Ybra(2,1,1,1,thetapp,phipp,thetaqp,phiqp,wigner)*Yket(1,1,1,1,thetaq,wigner) - 2*Sqrt(2)*q2z*q3z*Ybra(2,1,1,1,thetapp,phipp,thetaqp,phiqp,wigner)*Yket(1,1,1,1,thetaq,wigner) + Sqrt(2)*q2z*q3x*Ybra(2,2,1,1,thetapp,phipp,thetaqp,phiqp,wigner)*Yket(1,1,1,1,thetaq,wigner) + Complex(0,1)*Sqrt(2)*q2z*q3y*Ybra(2,2,1,1,thetapp,phipp,thetaqp,phiqp,wigner)*Yket(1,1,1,1,thetaq,wigner) + Sqrt(2)*q2x*q3z*Ybra(2,2,1,1,thetapp,phipp,thetaqp,phiqp,wigner)*Yket(1,1,1,1,thetaq,wigner) + Complex(0,1)*Sqrt(2)*q2y*q3z*Ybra(2,2,1,1,thetapp,phipp,thetaqp,phiqp,wigner)*Yket(1,1,1,1,thetaq,wigner) - Ybra(2,-1,1,1,thetapp,phipp,thetaqp,phiqp,wigner)*(Sqrt(2)*(q2x*q3x + q2y*q3y - 2*q2z*q3z)*Yket(1,-1,1,1,thetaq,wigner) + (q2z*(q3x - Complex(0,1)*q3y) + (q2x - Complex(0,1)*q2y)*q3z)*Yket(1,0,1,1,thetaq,wigner) + Sqrt(2)*(q2x - Complex(0,1)*q2y)*(q3x - Complex(0,1)*q3y)*Yket(1,1,1,1,thetaq,wigner))))/(6.*Sqrt(5));
    return mtx;
}
else if (idxbra==9 && idxket==8)
{
    mtx = (Ftpe1*(Sqrt(6)*q2z*q3x*Ybra(2,0,1,1,thetapp,phipp,thetaqp,phiqp,wigner)*Yket(1,-1,1,1,thetaq,wigner) + Complex(0,1)*Sqrt(6)*q2z*q3y*Ybra(2,0,1,1,thetapp,phipp,thetaqp,phiqp,wigner)*Yket(1,-1,1,1,thetaq,wigner) + Sqrt(6)*q2x*q3z*Ybra(2,0,1,1,thetapp,phipp,thetaqp,phiqp,wigner)*Yket(1,-1,1,1,thetaq,wigner) + Complex(0,1)*Sqrt(6)*q2y*q3z*Ybra(2,0,1,1,thetapp,phipp,thetaqp,phiqp,wigner)*Yket(1,-1,1,1,thetaq,wigner) - 2*q2x*q3x*Ybra(2,1,1,1,thetapp,phipp,thetaqp,phiqp,wigner)*Yket(1,-1,1,1,thetaq,wigner) - Complex(0,2)*q2y*q3x*Ybra(2,1,1,1,thetapp,phipp,thetaqp,phiqp,wigner)*Yket(1,-1,1,1,thetaq,wigner) - Complex(0,2)*q2x*q3y*Ybra(2,1,1,1,thetapp,phipp,thetaqp,phiqp,wigner)*Yket(1,-1,1,1,thetaq,wigner) + 2*q2y*q3y*Ybra(2,1,1,1,thetapp,phipp,thetaqp,phiqp,wigner)*Yket(1,-1,1,1,thetaq,wigner) + Sqrt(2)*q2z*q3x*Ybra(2,1,1,1,thetapp,phipp,thetaqp,phiqp,wigner)*Yket(1,0,1,1,thetaq,wigner) + Complex(0,1)*Sqrt(2)*q2z*q3y*Ybra(2,1,1,1,thetapp,phipp,thetaqp,phiqp,wigner)*Yket(1,0,1,1,thetaq,wigner) + Sqrt(2)*q2x*q3z*Ybra(2,1,1,1,thetapp,phipp,thetaqp,phiqp,wigner)*Yket(1,0,1,1,thetaq,wigner) + Complex(0,1)*Sqrt(2)*q2y*q3z*Ybra(2,1,1,1,thetapp,phipp,thetaqp,phiqp,wigner)*Yket(1,0,1,1,thetaq,wigner) - 2*Sqrt(2)*q2x*q3x*Ybra(2,2,1,1,thetapp,phipp,thetaqp,phiqp,wigner)*Yket(1,0,1,1,thetaq,wigner) - Complex(0,2)*Sqrt(2)*q2y*q3x*Ybra(2,2,1,1,thetapp,phipp,thetaqp,phiqp,wigner)*Yket(1,0,1,1,thetaq,wigner) - Complex(0,2)*Sqrt(2)*q2x*q3y*Ybra(2,2,1,1,thetapp,phipp,thetaqp,phiqp,wigner)*Yket(1,0,1,1,thetaq,wigner) + 2*Sqrt(2)*q2y*q3y*Ybra(2,2,1,1,thetapp,phipp,thetaqp,phiqp,wigner)*Yket(1,0,1,1,thetaq,wigner) - 2*Ybra(2,-2,1,1,thetapp,phipp,thetaqp,phiqp,wigner)*((q2z*(q3x - Complex(0,1)*q3y) + (q2x - Complex(0,1)*q2y)*q3z)*Yket(1,-1,1,1,thetaq,wigner) - Sqrt(2)*(q2x - Complex(0,1)*q2y)*(q3x - Complex(0,1)*q3y)*Yket(1,0,1,1,thetaq,wigner)) + Sqrt(6)*q2z*q3x*Ybra(2,0,1,1,thetapp,phipp,thetaqp,phiqp,wigner)*Yket(1,1,1,1,thetaq,wigner) - Complex(0,1)*Sqrt(6)*q2z*q3y*Ybra(2,0,1,1,thetapp,phipp,thetaqp,phiqp,wigner)*Yket(1,1,1,1,thetaq,wigner) + Sqrt(6)*q2x*q3z*Ybra(2,0,1,1,thetapp,phipp,thetaqp,phiqp,wigner)*Yket(1,1,1,1,thetaq,wigner) - Complex(0,1)*Sqrt(6)*q2y*q3z*Ybra(2,0,1,1,thetapp,phipp,thetaqp,phiqp,wigner)*Yket(1,1,1,1,thetaq,wigner) - 2*q2x*q3x*Ybra(2,1,1,1,thetapp,phipp,thetaqp,phiqp,wigner)*Yket(1,1,1,1,thetaq,wigner) - 2*q2y*q3y*Ybra(2,1,1,1,thetapp,phipp,thetaqp,phiqp,wigner)*Yket(1,1,1,1,thetaq,wigner) + 4*q2z*q3z*Ybra(2,1,1,1,thetapp,phipp,thetaqp,phiqp,wigner)*Yket(1,1,1,1,thetaq,wigner) - 2*q2z*q3x*Ybra(2,2,1,1,thetapp,phipp,thetaqp,phiqp,wigner)*Yket(1,1,1,1,thetaq,wigner) - Complex(0,2)*q2z*q3y*Ybra(2,2,1,1,thetapp,phipp,thetaqp,phiqp,wigner)*Yket(1,1,1,1,thetaq,wigner) - 2*q2x*q3z*Ybra(2,2,1,1,thetapp,phipp,thetaqp,phiqp,wigner)*Yket(1,1,1,1,thetaq,wigner) - Complex(0,2)*q2y*q3z*Ybra(2,2,1,1,thetapp,phipp,thetaqp,phiqp,wigner)*Yket(1,1,1,1,thetaq,wigner) + Ybra(2,-1,1,1,thetapp,phipp,thetaqp,phiqp,wigner)*(2*(q2x*q3x + q2y*q3y - 2*q2z*q3z)*Yket(1,-1,1,1,thetaq,wigner) + Sqrt(2)*(q2z*q3x - Complex(0,1)*q2z*q3y + q2x*q3z - Complex(0,1)*q2y*q3z)*Yket(1,0,1,1,thetaq,wigner) + 2*(q2x - Complex(0,1)*q2y)*(q3x - Complex(0,1)*q3y)*Yket(1,1,1,1,thetaq,wigner))))/(12.*Sqrt(5));
    return mtx;
}
else if (idxbra==9 && idxket==9)
{
    mtx = (Ftpe1*(2*Sqrt(6)*q2x*q3x*Ybra(2,0,1,1,thetapp,phipp,thetaqp,phiqp,wigner)*Yket(2,-2,1,1,thetaq,wigner) + Complex(0,2)*Sqrt(6)*q2y*q3x*Ybra(2,0,1,1,thetapp,phipp,thetaqp,phiqp,wigner)*Yket(2,-2,1,1,thetaq,wigner) + Complex(0,2)*Sqrt(6)*q2x*q3y*Ybra(2,0,1,1,thetapp,phipp,thetaqp,phiqp,wigner)*Yket(2,-2,1,1,thetaq,wigner) - 2*Sqrt(6)*q2y*q3y*Ybra(2,0,1,1,thetapp,phipp,thetaqp,phiqp,wigner)*Yket(2,-2,1,1,thetaq,wigner) - Sqrt(6)*q2z*q3x*Ybra(2,0,1,1,thetapp,phipp,thetaqp,phiqp,wigner)*Yket(2,-1,1,1,thetaq,wigner) - Complex(0,1)*Sqrt(6)*q2z*q3y*Ybra(2,0,1,1,thetapp,phipp,thetaqp,phiqp,wigner)*Yket(2,-1,1,1,thetaq,wigner) - Sqrt(6)*q2x*q3z*Ybra(2,0,1,1,thetapp,phipp,thetaqp,phiqp,wigner)*Yket(2,-1,1,1,thetaq,wigner) - Complex(0,1)*Sqrt(6)*q2y*q3z*Ybra(2,0,1,1,thetapp,phipp,thetaqp,phiqp,wigner)*Yket(2,-1,1,1,thetaq,wigner) + 6*q2x*q3x*Ybra(2,1,1,1,thetapp,phipp,thetaqp,phiqp,wigner)*Yket(2,-1,1,1,thetaq,wigner) + Complex(0,6)*q2y*q3x*Ybra(2,1,1,1,thetapp,phipp,thetaqp,phiqp,wigner)*Yket(2,-1,1,1,thetaq,wigner) + Complex(0,6)*q2x*q3y*Ybra(2,1,1,1,thetapp,phipp,thetaqp,phiqp,wigner)*Yket(2,-1,1,1,thetaq,wigner) - 6*q2y*q3y*Ybra(2,1,1,1,thetapp,phipp,thetaqp,phiqp,wigner)*Yket(2,-1,1,1,thetaq,wigner) + 8*q2x*q3x*Ybra(2,0,1,1,thetapp,phipp,thetaqp,phiqp,wigner)*Yket(2,0,1,1,thetaq,wigner) + 8*q2y*q3y*Ybra(2,0,1,1,thetapp,phipp,thetaqp,phiqp,wigner)*Yket(2,0,1,1,thetaq,wigner) - 4*q2z*q3z*Ybra(2,0,1,1,thetapp,phipp,thetaqp,phiqp,wigner)*Yket(2,0,1,1,thetaq,wigner) + Sqrt(6)*q2z*q3x*Ybra(2,1,1,1,thetapp,phipp,thetaqp,phiqp,wigner)*Yket(2,0,1,1,thetaq,wigner) + Complex(0,1)*Sqrt(6)*q2z*q3y*Ybra(2,1,1,1,thetapp,phipp,thetaqp,phiqp,wigner)*Yket(2,0,1,1,thetaq,wigner) + Sqrt(6)*q2x*q3z*Ybra(2,1,1,1,thetapp,phipp,thetaqp,phiqp,wigner)*Yket(2,0,1,1,thetaq,wigner) + Complex(0,1)*Sqrt(6)*q2y*q3z*Ybra(2,1,1,1,thetapp,phipp,thetaqp,phiqp,wigner)*Yket(2,0,1,1,thetaq,wigner) + 2*Sqrt(6)*q2x*q3x*Ybra(2,2,1,1,thetapp,phipp,thetaqp,phiqp,wigner)*Yket(2,0,1,1,thetaq,wigner) + Complex(0,2)*Sqrt(6)*q2y*q3x*Ybra(2,2,1,1,thetapp,phipp,thetaqp,phiqp,wigner)*Yket(2,0,1,1,thetaq,wigner) + Complex(0,2)*Sqrt(6)*q2x*q3y*Ybra(2,2,1,1,thetapp,phipp,thetaqp,phiqp,wigner)*Yket(2,0,1,1,thetaq,wigner) - 2*Sqrt(6)*q2y*q3y*Ybra(2,2,1,1,thetapp,phipp,thetaqp,phiqp,wigner)*Yket(2,0,1,1,thetaq,wigner) + 2*Ybra(2,-2,1,1,thetapp,phipp,thetaqp,phiqp,wigner)*(6*q2z*q3z*Yket(2,-2,1,1,thetaq,wigner) - 3*(q2z*(q3x - Complex(0,1)*q3y) + (q2x - Complex(0,1)*q2y)*q3z)*Yket(2,-1,1,1,thetaq,wigner) + Sqrt(6)*(q2x - Complex(0,1)*q2y)*(q3x - Complex(0,1)*q3y)*Yket(2,0,1,1,thetaq,wigner)) + Sqrt(6)*q2z*q3x*Ybra(2,0,1,1,thetapp,phipp,thetaqp,phiqp,wigner)*Yket(2,1,1,1,thetaq,wigner) - Complex(0,1)*Sqrt(6)*q2z*q3y*Ybra(2,0,1,1,thetapp,phipp,thetaqp,phiqp,wigner)*Yket(2,1,1,1,thetaq,wigner) + Sqrt(6)*q2x*q3z*Ybra(2,0,1,1,thetapp,phipp,thetaqp,phiqp,wigner)*Yket(2,1,1,1,thetaq,wigner) - Complex(0,1)*Sqrt(6)*q2y*q3z*Ybra(2,0,1,1,thetapp,phipp,thetaqp,phiqp,wigner)*Yket(2,1,1,1,thetaq,wigner) + 6*q2x*q3x*Ybra(2,1,1,1,thetapp,phipp,thetaqp,phiqp,wigner)*Yket(2,1,1,1,thetaq,wigner) + 6*q2y*q3y*Ybra(2,1,1,1,thetapp,phipp,thetaqp,phiqp,wigner)*Yket(2,1,1,1,thetaq,wigner) + 6*q2z*q3x*Ybra(2,2,1,1,thetapp,phipp,thetaqp,phiqp,wigner)*Yket(2,1,1,1,thetaq,wigner) + Complex(0,6)*q2z*q3y*Ybra(2,2,1,1,thetapp,phipp,thetaqp,phiqp,wigner)*Yket(2,1,1,1,thetaq,wigner) + 6*q2x*q3z*Ybra(2,2,1,1,thetapp,phipp,thetaqp,phiqp,wigner)*Yket(2,1,1,1,thetaq,wigner) + Complex(0,6)*q2y*q3z*Ybra(2,2,1,1,thetapp,phipp,thetaqp,phiqp,wigner)*Yket(2,1,1,1,thetaq,wigner) - Ybra(2,-1,1,1,thetapp,phipp,thetaqp,phiqp,wigner)*(6*(q2z*(q3x + Complex(0,1)*q3y) + (q2x + Complex(0,1)*q2y)*q3z)*Yket(2,-2,1,1,thetaq,wigner) - 6*(q2x*q3x + q2y*q3y)*Yket(2,-1,1,1,thetaq,wigner) + Sqrt(6)*q2z*q3x*Yket(2,0,1,1,thetaq,wigner) - Complex(0,1)*Sqrt(6)*q2z*q3y*Yket(2,0,1,1,thetaq,wigner) + Sqrt(6)*q2x*q3z*Yket(2,0,1,1,thetaq,wigner) - Complex(0,1)*Sqrt(6)*q2y*q3z*Yket(2,0,1,1,thetaq,wigner) - 6*q2x*q3x*Yket(2,1,1,1,thetaq,wigner) + Complex(0,6)*q2y*q3x*Yket(2,1,1,1,thetaq,wigner) + Complex(0,6)*q2x*q3y*Yket(2,1,1,1,thetaq,wigner) + 6*q2y*q3y*Yket(2,1,1,1,thetaq,wigner)) + 2*Sqrt(6)*q2x*q3x*Ybra(2,0,1,1,thetapp,phipp,thetaqp,phiqp,wigner)*Yket(2,2,1,1,thetaq,wigner) - Complex(0,2)*Sqrt(6)*q2y*q3x*Ybra(2,0,1,1,thetapp,phipp,thetaqp,phiqp,wigner)*Yket(2,2,1,1,thetaq,wigner) - Complex(0,2)*Sqrt(6)*q2x*q3y*Ybra(2,0,1,1,thetapp,phipp,thetaqp,phiqp,wigner)*Yket(2,2,1,1,thetaq,wigner) - 2*Sqrt(6)*q2y*q3y*Ybra(2,0,1,1,thetapp,phipp,thetaqp,phiqp,wigner)*Yket(2,2,1,1,thetaq,wigner) + 6*q2z*q3x*Ybra(2,1,1,1,thetapp,phipp,thetaqp,phiqp,wigner)*Yket(2,2,1,1,thetaq,wigner) - Complex(0,6)*q2z*q3y*Ybra(2,1,1,1,thetapp,phipp,thetaqp,phiqp,wigner)*Yket(2,2,1,1,thetaq,wigner) + 6*q2x*q3z*Ybra(2,1,1,1,thetapp,phipp,thetaqp,phiqp,wigner)*Yket(2,2,1,1,thetaq,wigner) - Complex(0,6)*q2y*q3z*Ybra(2,1,1,1,thetapp,phipp,thetaqp,phiqp,wigner)*Yket(2,2,1,1,thetaq,wigner) + 12*q2z*q3z*Ybra(2,2,1,1,thetapp,phipp,thetaqp,phiqp,wigner)*Yket(2,2,1,1,thetaq,wigner)))/60.;
    return mtx;
}
else if (idxbra==9 && idxket==10)
{
    mtx = 0;
    return mtx;
}
else if (idxbra==9 && idxket==11)
{
    mtx = (Ftpe1*(2*Sqrt(3)*(q2z*q3x - Complex(0,1)*q2z*q3y - q2x*q3z + Complex(0,1)*q2y*q3z)*Ybra(2,-2,1,1,thetapp,phipp,thetaqp,phiqp,wigner)*Yket(1,-1,2,2,thetaq,wigner) + Sqrt(2)*q2z*q3x*Ybra(2,0,1,1,thetapp,phipp,thetaqp,phiqp,wigner)*Yket(1,-1,2,2,thetaq,wigner) + Complex(0,1)*Sqrt(2)*q2z*q3y*Ybra(2,0,1,1,thetapp,phipp,thetaqp,phiqp,wigner)*Yket(1,-1,2,2,thetaq,wigner) - Sqrt(2)*q2x*q3z*Ybra(2,0,1,1,thetapp,phipp,thetaqp,phiqp,wigner)*Yket(1,-1,2,2,thetaq,wigner) - Complex(0,1)*Sqrt(2)*q2y*q3z*Ybra(2,0,1,1,thetapp,phipp,thetaqp,phiqp,wigner)*Yket(1,-1,2,2,thetaq,wigner) - Complex(0,4)*q2y*q3x*Ybra(2,0,1,1,thetapp,phipp,thetaqp,phiqp,wigner)*Yket(1,0,2,2,thetaq,wigner) + Complex(0,4)*q2x*q3y*Ybra(2,0,1,1,thetapp,phipp,thetaqp,phiqp,wigner)*Yket(1,0,2,2,thetaq,wigner) + Sqrt(6)*q2z*q3x*Ybra(2,1,1,1,thetapp,phipp,thetaqp,phiqp,wigner)*Yket(1,0,2,2,thetaq,wigner) + Complex(0,1)*Sqrt(6)*q2z*q3y*Ybra(2,1,1,1,thetapp,phipp,thetaqp,phiqp,wigner)*Yket(1,0,2,2,thetaq,wigner) - Sqrt(6)*q2x*q3z*Ybra(2,1,1,1,thetapp,phipp,thetaqp,phiqp,wigner)*Yket(1,0,2,2,thetaq,wigner) - Complex(0,1)*Sqrt(6)*q2y*q3z*Ybra(2,1,1,1,thetapp,phipp,thetaqp,phiqp,wigner)*Yket(1,0,2,2,thetaq,wigner) + Sqrt(3)*Ybra(2,-1,1,1,thetapp,phipp,thetaqp,phiqp,wigner)*(Complex(0,-2)*(q2y*q3x - q2x*q3y)*Yket(1,-1,2,2,thetaq,wigner) + Sqrt(2)*(q2z*q3x - Complex(0,1)*q2z*q3y - q2x*q3z + Complex(0,1)*q2y*q3z)*Yket(1,0,2,2,thetaq,wigner)) + Sqrt(2)*q2z*q3x*Ybra(2,0,1,1,thetapp,phipp,thetaqp,phiqp,wigner)*Yket(1,1,2,2,thetaq,wigner) - Complex(0,1)*Sqrt(2)*q2z*q3y*Ybra(2,0,1,1,thetapp,phipp,thetaqp,phiqp,wigner)*Yket(1,1,2,2,thetaq,wigner) - Sqrt(2)*q2x*q3z*Ybra(2,0,1,1,thetapp,phipp,thetaqp,phiqp,wigner)*Yket(1,1,2,2,thetaq,wigner) + Complex(0,1)*Sqrt(2)*q2y*q3z*Ybra(2,0,1,1,thetapp,phipp,thetaqp,phiqp,wigner)*Yket(1,1,2,2,thetaq,wigner) - Complex(0,2)*Sqrt(3)*q2y*q3x*Ybra(2,1,1,1,thetapp,phipp,thetaqp,phiqp,wigner)*Yket(1,1,2,2,thetaq,wigner) + Complex(0,2)*Sqrt(3)*q2x*q3y*Ybra(2,1,1,1,thetapp,phipp,thetaqp,phiqp,wigner)*Yket(1,1,2,2,thetaq,wigner) + 2*Sqrt(3)*q2z*q3x*Ybra(2,2,1,1,thetapp,phipp,thetaqp,phiqp,wigner)*Yket(1,1,2,2,thetaq,wigner) + Complex(0,2)*Sqrt(3)*q2z*q3y*Ybra(2,2,1,1,thetapp,phipp,thetaqp,phiqp,wigner)*Yket(1,1,2,2,thetaq,wigner) - 2*Sqrt(3)*q2x*q3z*Ybra(2,2,1,1,thetapp,phipp,thetaqp,phiqp,wigner)*Yket(1,1,2,2,thetaq,wigner) - Complex(0,2)*Sqrt(3)*q2y*q3z*Ybra(2,2,1,1,thetapp,phipp,thetaqp,phiqp,wigner)*Yket(1,1,2,2,thetaq,wigner)))/(6.*Sqrt(10));
    return mtx;
}
else if (idxbra==9 && idxket==12)
{
    mtx = 0;
    return mtx;
}
else if (idxbra==9 && idxket==13)
{
    mtx = 0;
    return mtx;
}
else if (idxbra==9 && idxket==14)
{
    mtx = 0;
    return mtx;
}
else if (idxbra==9 && idxket==15)
{
    mtx = 0;
    return mtx;
}
else if (idxbra==9 && idxket==16)
{
    mtx = 0;
    return mtx;
}
else if (idxbra==10 && idxket==1)
{
    mtx = -(Ftpe1*(q2x*q3x + q2y*q3y + q2z*q3z)*Ybra(0,0,2,2,thetapp,phipp,thetaqp,phiqp,wigner)*Yket(0,0,0,0,thetaq,wigner));
    return mtx;
}
else if (idxbra==10 && idxket==2)
{
    mtx = 0;
    return mtx;
}
else if (idxbra==10 && idxket==3)
{
    mtx = 0;
    return mtx;
}
else if (idxbra==10 && idxket==4)
{
    mtx = 0;
    return mtx;
}
else if (idxbra==10 && idxket==5)
{
    mtx = 0;
    return mtx;
}
else if (idxbra==10 && idxket==6)
{
    mtx = 0;
    return mtx;
}
else if (idxbra==10 && idxket==7)
{
    mtx = (Ftpe1*Ybra(0,0,2,2,thetapp,phipp,thetaqp,phiqp,wigner)*((q2z*(q3x + Complex(0,1)*q3y) - (q2x + Complex(0,1)*q2y)*q3z)*Yket(1,-1,1,1,thetaq,wigner) + Complex(0,1)*Sqrt(2)*(q2y*q3x - q2x*q3y)*Yket(1,0,1,1,thetaq,wigner) + (q2z*q3x - Complex(0,1)*q2z*q3y - q2x*q3z + Complex(0,1)*q2y*q3z)*Yket(1,1,1,1,thetaq,wigner)))/(3.*Sqrt(2));
    return mtx;
}
else if (idxbra==10 && idxket==8)
{
    mtx = (Ftpe1*Ybra(0,0,2,2,thetapp,phipp,thetaqp,phiqp,wigner)*((q2z*(q3x + Complex(0,1)*q3y) - (q2x + Complex(0,1)*q2y)*q3z)*Yket(1,-1,1,1,thetaq,wigner) + Complex(0,1)*Sqrt(2)*(q2y*q3x - q2x*q3y)*Yket(1,0,1,1,thetaq,wigner) + (q2z*q3x - Complex(0,1)*q2z*q3y - q2x*q3z + Complex(0,1)*q2y*q3z)*Yket(1,1,1,1,thetaq,wigner)))/3.;
    return mtx;
}
else if (idxbra==10 && idxket==9)
{
    mtx = 0;
    return mtx;
}
else if (idxbra==10 && idxket==10)
{
    mtx = -(Ftpe1*(q2x*q3x + q2y*q3y + q2z*q3z)*Ybra(0,0,2,2,thetapp,phipp,thetaqp,phiqp,wigner)*Yket(0,0,2,2,thetaq,wigner));
    return mtx;
}
else if (idxbra==10 && idxket==11)
{
    mtx = 0;
    return mtx;
}
else if (idxbra==10 && idxket==12)
{
    mtx = 0;
    return mtx;
}
else if (idxbra==10 && idxket==13)
{
    mtx = 0;
    return mtx;
}
else if (idxbra==10 && idxket==14)
{
    mtx = 0;
    return mtx;
}
else if (idxbra==10 && idxket==15)
{
    mtx = 0;
    return mtx;
}
else if (idxbra==10 && idxket==16)
{
    mtx = 0;
    return mtx;
}
else if (idxbra==11 && idxket==1)
{
    mtx = 0;
    return mtx;
}
else if (idxbra==11 && idxket==2)
{
    mtx = 0;
    return mtx;
}
else if (idxbra==11 && idxket==3)
{
    mtx = 0;
    return mtx;
}
else if (idxbra==11 && idxket==4)
{
    mtx = 0;
    return mtx;
}
else if (idxbra==11 && idxket==5)
{
    mtx = 0;
    return mtx;
}
else if (idxbra==11 && idxket==6)
{
    mtx = (Ftpe1*((-(q2z*q3x) + Complex(0,1)*q2z*q3y + q2x*q3z - Complex(0,1)*q2y*q3z)*Ybra(1,-1,2,2,thetapp,phipp,thetaqp,phiqp,wigner) + Complex(0,1)*Sqrt(2)*(q2y*q3x - q2x*q3y)*Ybra(1,0,2,2,thetapp,phipp,thetaqp,phiqp,wigner) + (-(q2z*(q3x + Complex(0,1)*q3y)) + (q2x + Complex(0,1)*q2y)*q3z)*Ybra(1,1,2,2,thetapp,phipp,thetaqp,phiqp,wigner))*Yket(0,0,1,1,thetaq,wigner))/(3.*Sqrt(2));
    return mtx;
}
else if (idxbra==11 && idxket==7)
{
    mtx = (Ftpe1*(Ybra(1,-1,2,2,thetapp,phipp,thetaqp,phiqp,wigner)*(Complex(0,-1)*Sqrt(2)*(q2y*q3x - q2x*q3y)*Yket(1,-1,1,1,thetaq,wigner) + (-(q2z*q3x) + Complex(0,1)*q2z*q3y + q2x*q3z - Complex(0,1)*q2y*q3z)*Yket(1,0,1,1,thetaq,wigner)) + Ybra(1,1,2,2,thetapp,phipp,thetaqp,phiqp,wigner)*((q2z*(q3x + Complex(0,1)*q3y) - (q2x + Complex(0,1)*q2y)*q3z)*Yket(1,0,1,1,thetaq,wigner) + Complex(0,1)*Sqrt(2)*(q2y*q3x - q2x*q3y)*Yket(1,1,1,1,thetaq,wigner)) + Ybra(1,0,2,2,thetapp,phipp,thetaqp,phiqp,wigner)*((q2z*(q3x + Complex(0,1)*q3y) - (q2x + Complex(0,1)*q2y)*q3z)*Yket(1,-1,1,1,thetaq,wigner) + (-(q2z*q3x) + Complex(0,1)*q2z*q3y + q2x*q3z - Complex(0,1)*q2y*q3z)*Yket(1,1,1,1,thetaq,wigner))))/(3.*Sqrt(6));
    return mtx;
}
else if (idxbra==11 && idxket==8)
{
    mtx = (Ftpe1*(Ybra(1,-1,2,2,thetapp,phipp,thetaqp,phiqp,wigner)*(Complex(0,1)*Sqrt(2)*(q2y*q3x - q2x*q3y)*Yket(1,-1,1,1,thetaq,wigner) + (q2z*q3x - Complex(0,1)*q2z*q3y - q2x*q3z + Complex(0,1)*q2y*q3z)*Yket(1,0,1,1,thetaq,wigner)) + Ybra(1,1,2,2,thetapp,phipp,thetaqp,phiqp,wigner)*((-(q2z*(q3x + Complex(0,1)*q3y)) + (q2x + Complex(0,1)*q2y)*q3z)*Yket(1,0,1,1,thetaq,wigner) - Complex(0,1)*Sqrt(2)*(q2y*q3x - q2x*q3y)*Yket(1,1,1,1,thetaq,wigner)) + Ybra(1,0,2,2,thetapp,phipp,thetaqp,phiqp,wigner)*((-(q2z*(q3x + Complex(0,1)*q3y)) + (q2x + Complex(0,1)*q2y)*q3z)*Yket(1,-1,1,1,thetaq,wigner) + (q2z*q3x - Complex(0,1)*q2z*q3y - q2x*q3z + Complex(0,1)*q2y*q3z)*Yket(1,1,1,1,thetaq,wigner))))/(6.*Sqrt(3));
    return mtx;
}
else if (idxbra==11 && idxket==9)
{
    mtx = (Ftpe1*(Ybra(1,-1,2,2,thetapp,phipp,thetaqp,phiqp,wigner)*(Sqrt(6)*(q2z*(q3x + Complex(0,1)*q3y) - (q2x + Complex(0,1)*q2y)*q3z)*Yket(2,-2,1,1,thetaq,wigner) + Complex(0,1)*Sqrt(6)*(q2y*q3x - q2x*q3y)*Yket(2,-1,1,1,thetaq,wigner) + (q2z*q3x - Complex(0,1)*q2z*q3y - q2x*q3z + Complex(0,1)*q2y*q3z)*Yket(2,0,1,1,thetaq,wigner)) + Ybra(1,0,2,2,thetapp,phipp,thetaqp,phiqp,wigner)*(Sqrt(3)*(q2z*(q3x + Complex(0,1)*q3y) - (q2x + Complex(0,1)*q2y)*q3z)*Yket(2,-1,1,1,thetaq,wigner) + Complex(0,2)*Sqrt(2)*(q2y*q3x - q2x*q3y)*Yket(2,0,1,1,thetaq,wigner) + Sqrt(3)*(q2z*q3x - Complex(0,1)*q2z*q3y - q2x*q3z + Complex(0,1)*q2y*q3z)*Yket(2,1,1,1,thetaq,wigner)) + Ybra(1,1,2,2,thetapp,phipp,thetaqp,phiqp,wigner)*((q2z*(q3x + Complex(0,1)*q3y) - (q2x + Complex(0,1)*q2y)*q3z)*Yket(2,0,1,1,thetaq,wigner) + Complex(0,1)*Sqrt(6)*((q2y*q3x - q2x*q3y)*Yket(2,1,1,1,thetaq,wigner) + (Complex(0,-1)*q2z*q3x - q2z*q3y + Complex(0,1)*q2x*q3z + q2y*q3z)*Yket(2,2,1,1,thetaq,wigner)))))/(6.*Sqrt(5));
    return mtx;
}
else if (idxbra==11 && idxket==10)
{
    mtx = 0;
    return mtx;
}
else if (idxbra==11 && idxket==11)
{
    mtx = -0.3333333333333333*(Ftpe1*(q2x*q3x + q2y*q3y + q2z*q3z)*(Ybra(1,-1,2,2,thetapp,phipp,thetaqp,phiqp,wigner)*Yket(1,-1,2,2,thetaq,wigner) + Ybra(1,0,2,2,thetapp,phipp,thetaqp,phiqp,wigner)*Yket(1,0,2,2,thetaq,wigner) + Ybra(1,1,2,2,thetapp,phipp,thetaqp,phiqp,wigner)*Yket(1,1,2,2,thetaq,wigner)));
    return mtx;
}
else if (idxbra==11 && idxket==12)
{
    mtx = 0;
    return mtx;
}
else if (idxbra==11 && idxket==13)
{
    mtx = 0;
    return mtx;
}
else if (idxbra==11 && idxket==14)
{
    mtx = 0;
    return mtx;
}
else if (idxbra==11 && idxket==15)
{
    mtx = 0;
    return mtx;
}
else if (idxbra==11 && idxket==16)
{
    mtx = 0;
    return mtx;
}
else if (idxbra==12 && idxket==1)
{
    mtx = 0;
    return mtx;
}
else if (idxbra==12 && idxket==2)
{
    mtx = -(Ftpe1*(q2x*q3x + q2y*q3y + q2z*q3z)*Ybra(0,0,2,2,thetapp,phipp,thetaqp,phiqp,wigner)*Yket(0,0,0,0,thetaq,wigner));
    return mtx;
}
else if (idxbra==12 && idxket==3)
{
    mtx = (Ftpe1*Ybra(0,0,2,2,thetapp,phipp,thetaqp,phiqp,wigner)*(Sqrt(3)*(q2x + Complex(0,1)*q2y)*(q3x + Complex(0,1)*q3y)*Yket(2,-2,0,2,thetaq,wigner) + Sqrt(3)*(q2z*q3x + Complex(0,1)*q2z*q3y + q2x*q3z + Complex(0,1)*q2y*q3z)*Yket(2,-1,0,2,thetaq,wigner) - Sqrt(2)*q2x*q3x*Yket(2,0,0,2,thetaq,wigner) - Sqrt(2)*q2y*q3y*Yket(2,0,0,2,thetaq,wigner) + 2*Sqrt(2)*q2z*q3z*Yket(2,0,0,2,thetaq,wigner) - Sqrt(3)*q2z*q3x*Yket(2,1,0,2,thetaq,wigner) + Complex(0,1)*Sqrt(3)*q2z*q3y*Yket(2,1,0,2,thetaq,wigner) - Sqrt(3)*q2x*q3z*Yket(2,1,0,2,thetaq,wigner) + Complex(0,1)*Sqrt(3)*q2y*q3z*Yket(2,1,0,2,thetaq,wigner) + Sqrt(3)*q2x*q3x*Yket(2,2,0,2,thetaq,wigner) - Complex(0,1)*Sqrt(3)*q2y*q3x*Yket(2,2,0,2,thetaq,wigner) - Complex(0,1)*Sqrt(3)*q2x*q3y*Yket(2,2,0,2,thetaq,wigner) - Sqrt(3)*q2y*q3y*Yket(2,2,0,2,thetaq,wigner)))/Sqrt(5);
    return mtx;
}
else if (idxbra==12 && idxket==4)
{
    mtx = 0;
    return mtx;
}
else if (idxbra==12 && idxket==5)
{
    mtx = (Ftpe1*Ybra(0,0,2,2,thetapp,phipp,thetaqp,phiqp,wigner)*((q2z*(q3x + Complex(0,1)*q3y) - (q2x + Complex(0,1)*q2y)*q3z)*Yket(1,-1,1,1,thetaq,wigner) + Complex(0,1)*Sqrt(2)*(q2y*q3x - q2x*q3y)*Yket(1,0,1,1,thetaq,wigner) + (q2z*q3x - Complex(0,1)*q2z*q3y - q2x*q3z + Complex(0,1)*q2y*q3z)*Yket(1,1,1,1,thetaq,wigner)))/Sqrt(2);
    return mtx;
}
else if (idxbra==12 && idxket==6)
{
    mtx = 0;
    return mtx;
}
else if (idxbra==12 && idxket==7)
{
    mtx = 0;
    return mtx;
}
else if (idxbra==12 && idxket==8)
{
    mtx = 0;
    return mtx;
}
else if (idxbra==12 && idxket==9)
{
    mtx = 0;
    return mtx;
}
else if (idxbra==12 && idxket==10)
{
    mtx = 0;
    return mtx;
}
else if (idxbra==12 && idxket==11)
{
    mtx = 0;
    return mtx;
}
else if (idxbra==12 && idxket==12)
{
    mtx = -(Ftpe1*(q2x*q3x + q2y*q3y + q2z*q3z)*Ybra(0,0,2,2,thetapp,phipp,thetaqp,phiqp,wigner)*Yket(0,0,2,2,thetaq,wigner));
    return mtx;
}
else if (idxbra==12 && idxket==13)
{
    mtx = 0;
    return mtx;
}
else if (idxbra==12 && idxket==14)
{
    mtx = 0;
    return mtx;
}
else if (idxbra==12 && idxket==15)
{
    mtx = (Ftpe1*Ybra(0,0,2,2,thetapp,phipp,thetaqp,phiqp,wigner)*(Sqrt(3)*(q2x + Complex(0,1)*q2y)*(q3x + Complex(0,1)*q3y)*Yket(2,-2,2,0,thetaq,wigner) + Sqrt(3)*(q2z*q3x + Complex(0,1)*q2z*q3y + q2x*q3z + Complex(0,1)*q2y*q3z)*Yket(2,-1,2,0,thetaq,wigner) - Sqrt(2)*q2x*q3x*Yket(2,0,2,0,thetaq,wigner) - Sqrt(2)*q2y*q3y*Yket(2,0,2,0,thetaq,wigner) + 2*Sqrt(2)*q2z*q3z*Yket(2,0,2,0,thetaq,wigner) - Sqrt(3)*q2z*q3x*Yket(2,1,2,0,thetaq,wigner) + Complex(0,1)*Sqrt(3)*q2z*q3y*Yket(2,1,2,0,thetaq,wigner) - Sqrt(3)*q2x*q3z*Yket(2,1,2,0,thetaq,wigner) + Complex(0,1)*Sqrt(3)*q2y*q3z*Yket(2,1,2,0,thetaq,wigner) + Sqrt(3)*q2x*q3x*Yket(2,2,2,0,thetaq,wigner) - Complex(0,1)*Sqrt(3)*q2y*q3x*Yket(2,2,2,0,thetaq,wigner) - Complex(0,1)*Sqrt(3)*q2x*q3y*Yket(2,2,2,0,thetaq,wigner) - Sqrt(3)*q2y*q3y*Yket(2,2,2,0,thetaq,wigner)))/Sqrt(5);
    return mtx;
}
else if (idxbra==12 && idxket==16)
{
    mtx = (Ftpe1*Ybra(0,0,2,2,thetapp,phipp,thetaqp,phiqp,wigner)*(Sqrt(3)*(q2x + Complex(0,1)*q2y)*(q3x + Complex(0,1)*q3y)*Yket(2,-2,2,2,thetaq,wigner) + Sqrt(3)*(q2z*q3x + Complex(0,1)*q2z*q3y + q2x*q3z + Complex(0,1)*q2y*q3z)*Yket(2,-1,2,2,thetaq,wigner) - Sqrt(2)*q2x*q3x*Yket(2,0,2,2,thetaq,wigner) - Sqrt(2)*q2y*q3y*Yket(2,0,2,2,thetaq,wigner) + 2*Sqrt(2)*q2z*q3z*Yket(2,0,2,2,thetaq,wigner) - Sqrt(3)*q2z*q3x*Yket(2,1,2,2,thetaq,wigner) + Complex(0,1)*Sqrt(3)*q2z*q3y*Yket(2,1,2,2,thetaq,wigner) - Sqrt(3)*q2x*q3z*Yket(2,1,2,2,thetaq,wigner) + Complex(0,1)*Sqrt(3)*q2y*q3z*Yket(2,1,2,2,thetaq,wigner) + Sqrt(3)*q2x*q3x*Yket(2,2,2,2,thetaq,wigner) - Complex(0,1)*Sqrt(3)*q2y*q3x*Yket(2,2,2,2,thetaq,wigner) - Complex(0,1)*Sqrt(3)*q2x*q3y*Yket(2,2,2,2,thetaq,wigner) - Sqrt(3)*q2y*q3y*Yket(2,2,2,2,thetaq,wigner)))/Sqrt(5);
    return mtx;
}
else if (idxbra==13 && idxket==1)
{
    mtx = 0;
    return mtx;
}
else if (idxbra==13 && idxket==2)
{
    mtx = 0;
    return mtx;
}
else if (idxbra==13 && idxket==3)
{
    mtx = (Ftpe1*(Ybra(1,-1,2,2,thetapp,phipp,thetaqp,phiqp,wigner)*(-(Sqrt(2)*(q2z*(q3x + Complex(0,1)*q3y) + (q2x + Complex(0,1)*q2y)*q3z)*Yket(2,-2,0,2,thetaq,wigner)) + Sqrt(2)*(q2x*q3x + q2y*q3y - 2*q2z*q3z)*Yket(2,-1,0,2,thetaq,wigner) + Sqrt(3)*q2z*q3x*Yket(2,0,0,2,thetaq,wigner) - Complex(0,1)*Sqrt(3)*q2z*q3y*Yket(2,0,0,2,thetaq,wigner) + Sqrt(3)*q2x*q3z*Yket(2,0,0,2,thetaq,wigner) - Complex(0,1)*Sqrt(3)*q2y*q3z*Yket(2,0,0,2,thetaq,wigner) - Sqrt(2)*q2x*q3x*Yket(2,1,0,2,thetaq,wigner) + Complex(0,1)*Sqrt(2)*q2y*q3x*Yket(2,1,0,2,thetaq,wigner) + Complex(0,1)*Sqrt(2)*q2x*q3y*Yket(2,1,0,2,thetaq,wigner) + Sqrt(2)*q2y*q3y*Yket(2,1,0,2,thetaq,wigner)) + Ybra(1,0,2,2,thetapp,phipp,thetaqp,phiqp,wigner)*(2*(q2x + Complex(0,1)*q2y)*(q3x + Complex(0,1)*q3y)*Yket(2,-2,0,2,thetaq,wigner) + (q2z*q3x + Complex(0,1)*q2z*q3y + q2x*q3z + Complex(0,1)*q2y*q3z)*Yket(2,-1,0,2,thetaq,wigner) + q2z*q3x*Yket(2,1,0,2,thetaq,wigner) - Complex(0,1)*q2z*q3y*Yket(2,1,0,2,thetaq,wigner) + q2x*q3z*Yket(2,1,0,2,thetaq,wigner) - Complex(0,1)*q2y*q3z*Yket(2,1,0,2,thetaq,wigner) - 2*q2x*q3x*Yket(2,2,0,2,thetaq,wigner) + Complex(0,2)*q2y*q3x*Yket(2,2,0,2,thetaq,wigner) + Complex(0,2)*q2x*q3y*Yket(2,2,0,2,thetaq,wigner) + 2*q2y*q3y*Yket(2,2,0,2,thetaq,wigner)) + Ybra(1,1,2,2,thetapp,phipp,thetaqp,phiqp,wigner)*(Sqrt(2)*(q2x + Complex(0,1)*q2y)*(q3x + Complex(0,1)*q3y)*Yket(2,-1,0,2,thetaq,wigner) + Sqrt(3)*(q2z*(q3x + Complex(0,1)*q3y) + (q2x + Complex(0,1)*q2y)*q3z)*Yket(2,0,0,2,thetaq,wigner) - Sqrt(2)*((q2x*q3x + q2y*q3y - 2*q2z*q3z)*Yket(2,1,0,2,thetaq,wigner) + (q2z*(q3x - Complex(0,1)*q3y) + (q2x - Complex(0,1)*q2y)*q3z)*Yket(2,2,0,2,thetaq,wigner)))))/(2.*Sqrt(5));
    return mtx;
}
else if (idxbra==13 && idxket==4)
{
    mtx = (Ftpe1*((-(q2z*q3x) + Complex(0,1)*q2z*q3y + q2x*q3z - Complex(0,1)*q2y*q3z)*Ybra(1,-1,2,2,thetapp,phipp,thetaqp,phiqp,wigner) + Complex(0,1)*Sqrt(2)*(q2y*q3x - q2x*q3y)*Ybra(1,0,2,2,thetapp,phipp,thetaqp,phiqp,wigner) + (-(q2z*(q3x + Complex(0,1)*q3y)) + (q2x + Complex(0,1)*q2y)*q3z)*Ybra(1,1,2,2,thetapp,phipp,thetaqp,phiqp,wigner))*Yket(0,0,1,1,thetaq,wigner))/Sqrt(2);
    return mtx;
}
else if (idxbra==13 && idxket==5)
{
    mtx = (Ftpe1*(Ybra(1,-1,2,2,thetapp,phipp,thetaqp,phiqp,wigner)*(Complex(0,-1)*Sqrt(2)*(q2y*q3x - q2x*q3y)*Yket(1,-1,1,1,thetaq,wigner) + (-(q2z*q3x) + Complex(0,1)*q2z*q3y + q2x*q3z - Complex(0,1)*q2y*q3z)*Yket(1,0,1,1,thetaq,wigner)) + Ybra(1,1,2,2,thetapp,phipp,thetaqp,phiqp,wigner)*((q2z*(q3x + Complex(0,1)*q3y) - (q2x + Complex(0,1)*q2y)*q3z)*Yket(1,0,1,1,thetaq,wigner) + Complex(0,1)*Sqrt(2)*(q2y*q3x - q2x*q3y)*Yket(1,1,1,1,thetaq,wigner)) + Ybra(1,0,2,2,thetapp,phipp,thetaqp,phiqp,wigner)*((q2z*(q3x + Complex(0,1)*q3y) - (q2x + Complex(0,1)*q2y)*q3z)*Yket(1,-1,1,1,thetaq,wigner) + (-(q2z*q3x) + Complex(0,1)*q2z*q3y + q2x*q3z - Complex(0,1)*q2y*q3z)*Yket(1,1,1,1,thetaq,wigner))))/Sqrt(6);
    return mtx;
}
else if (idxbra==13 && idxket==6)
{
    mtx = 0;
    return mtx;
}
else if (idxbra==13 && idxket==7)
{
    mtx = 0;
    return mtx;
}
else if (idxbra==13 && idxket==8)
{
    mtx = 0;
    return mtx;
}
else if (idxbra==13 && idxket==9)
{
    mtx = 0;
    return mtx;
}
else if (idxbra==13 && idxket==10)
{
    mtx = 0;
    return mtx;
}
else if (idxbra==13 && idxket==11)
{
    mtx = 0;
    return mtx;
}
else if (idxbra==13 && idxket==12)
{
    mtx = 0;
    return mtx;
}
else if (idxbra==13 && idxket==13)
{
    mtx = -0.3333333333333333*(Ftpe1*(q2x*q3x + q2y*q3y + q2z*q3z)*(Ybra(1,-1,2,2,thetapp,phipp,thetaqp,phiqp,wigner)*Yket(1,-1,2,2,thetaq,wigner) + Ybra(1,0,2,2,thetapp,phipp,thetaqp,phiqp,wigner)*Yket(1,0,2,2,thetaq,wigner) + Ybra(1,1,2,2,thetapp,phipp,thetaqp,phiqp,wigner)*Yket(1,1,2,2,thetaq,wigner)));
    return mtx;
}
else if (idxbra==13 && idxket==14)
{
    mtx = (Ftpe1*(Ybra(1,-1,2,2,thetapp,phipp,thetaqp,phiqp,wigner)*(Sqrt(2)*(q2x*q3x + q2y*q3y - 2*q2z*q3z)*Yket(1,-1,2,2,thetaq,wigner) + 3*(q2z*q3x - Complex(0,1)*q2z*q3y + q2x*q3z - Complex(0,1)*q2y*q3z)*Yket(1,0,2,2,thetaq,wigner) - 3*Sqrt(2)*(q2x - Complex(0,1)*q2y)*(q3x - Complex(0,1)*q3y)*Yket(1,1,2,2,thetaq,wigner)) + Ybra(1,0,2,2,thetapp,phipp,thetaqp,phiqp,wigner)*(3*(q2z*(q3x + Complex(0,1)*q3y) + (q2x + Complex(0,1)*q2y)*q3z)*Yket(1,-1,2,2,thetaq,wigner) - 2*Sqrt(2)*(q2x*q3x + q2y*q3y - 2*q2z*q3z)*Yket(1,0,2,2,thetaq,wigner) - 3*(q2z*q3x - Complex(0,1)*q2z*q3y + q2x*q3z - Complex(0,1)*q2y*q3z)*Yket(1,1,2,2,thetaq,wigner)) - Ybra(1,1,2,2,thetapp,phipp,thetaqp,phiqp,wigner)*(3*Sqrt(2)*(q2x + Complex(0,1)*q2y)*(q3x + Complex(0,1)*q3y)*Yket(1,-1,2,2,thetaq,wigner) + 3*(q2z*(q3x + Complex(0,1)*q3y) + (q2x + Complex(0,1)*q2y)*q3z)*Yket(1,0,2,2,thetaq,wigner) - Sqrt(2)*(q2x*q3x + q2y*q3y - 2*q2z*q3z)*Yket(1,1,2,2,thetaq,wigner))))/6.;
    return mtx;
}
else if (idxbra==13 && idxket==15)
{
    mtx = (Ftpe1*(Ybra(1,-1,2,2,thetapp,phipp,thetaqp,phiqp,wigner)*(-(Sqrt(2)*(q2z*(q3x + Complex(0,1)*q3y) + (q2x + Complex(0,1)*q2y)*q3z)*Yket(2,-2,2,0,thetaq,wigner)) + Sqrt(2)*(q2x*q3x + q2y*q3y - 2*q2z*q3z)*Yket(2,-1,2,0,thetaq,wigner) + Sqrt(3)*q2z*q3x*Yket(2,0,2,0,thetaq,wigner) - Complex(0,1)*Sqrt(3)*q2z*q3y*Yket(2,0,2,0,thetaq,wigner) + Sqrt(3)*q2x*q3z*Yket(2,0,2,0,thetaq,wigner) - Complex(0,1)*Sqrt(3)*q2y*q3z*Yket(2,0,2,0,thetaq,wigner) - Sqrt(2)*q2x*q3x*Yket(2,1,2,0,thetaq,wigner) + Complex(0,1)*Sqrt(2)*q2y*q3x*Yket(2,1,2,0,thetaq,wigner) + Complex(0,1)*Sqrt(2)*q2x*q3y*Yket(2,1,2,0,thetaq,wigner) + Sqrt(2)*q2y*q3y*Yket(2,1,2,0,thetaq,wigner)) + Ybra(1,0,2,2,thetapp,phipp,thetaqp,phiqp,wigner)*(2*(q2x + Complex(0,1)*q2y)*(q3x + Complex(0,1)*q3y)*Yket(2,-2,2,0,thetaq,wigner) + (q2z*q3x + Complex(0,1)*q2z*q3y + q2x*q3z + Complex(0,1)*q2y*q3z)*Yket(2,-1,2,0,thetaq,wigner) + q2z*q3x*Yket(2,1,2,0,thetaq,wigner) - Complex(0,1)*q2z*q3y*Yket(2,1,2,0,thetaq,wigner) + q2x*q3z*Yket(2,1,2,0,thetaq,wigner) - Complex(0,1)*q2y*q3z*Yket(2,1,2,0,thetaq,wigner) - 2*q2x*q3x*Yket(2,2,2,0,thetaq,wigner) + Complex(0,2)*q2y*q3x*Yket(2,2,2,0,thetaq,wigner) + Complex(0,2)*q2x*q3y*Yket(2,2,2,0,thetaq,wigner) + 2*q2y*q3y*Yket(2,2,2,0,thetaq,wigner)) + Ybra(1,1,2,2,thetapp,phipp,thetaqp,phiqp,wigner)*(Sqrt(2)*(q2x + Complex(0,1)*q2y)*(q3x + Complex(0,1)*q3y)*Yket(2,-1,2,0,thetaq,wigner) + Sqrt(3)*(q2z*(q3x + Complex(0,1)*q3y) + (q2x + Complex(0,1)*q2y)*q3z)*Yket(2,0,2,0,thetaq,wigner) - Sqrt(2)*((q2x*q3x + q2y*q3y - 2*q2z*q3z)*Yket(2,1,2,0,thetaq,wigner) + (q2z*(q3x - Complex(0,1)*q3y) + (q2x - Complex(0,1)*q2y)*q3z)*Yket(2,2,2,0,thetaq,wigner)))))/(2.*Sqrt(5));
    return mtx;
}
else if (idxbra==13 && idxket==16)
{
    mtx = (Ftpe1*(Ybra(1,-1,2,2,thetapp,phipp,thetaqp,phiqp,wigner)*(-(Sqrt(2)*(q2z*(q3x + Complex(0,1)*q3y) + (q2x + Complex(0,1)*q2y)*q3z)*Yket(2,-2,2,2,thetaq,wigner)) + Sqrt(2)*(q2x*q3x + q2y*q3y - 2*q2z*q3z)*Yket(2,-1,2,2,thetaq,wigner) + Sqrt(3)*q2z*q3x*Yket(2,0,2,2,thetaq,wigner) - Complex(0,1)*Sqrt(3)*q2z*q3y*Yket(2,0,2,2,thetaq,wigner) + Sqrt(3)*q2x*q3z*Yket(2,0,2,2,thetaq,wigner) - Complex(0,1)*Sqrt(3)*q2y*q3z*Yket(2,0,2,2,thetaq,wigner) - Sqrt(2)*q2x*q3x*Yket(2,1,2,2,thetaq,wigner) + Complex(0,1)*Sqrt(2)*q2y*q3x*Yket(2,1,2,2,thetaq,wigner) + Complex(0,1)*Sqrt(2)*q2x*q3y*Yket(2,1,2,2,thetaq,wigner) + Sqrt(2)*q2y*q3y*Yket(2,1,2,2,thetaq,wigner)) + Ybra(1,0,2,2,thetapp,phipp,thetaqp,phiqp,wigner)*(2*(q2x + Complex(0,1)*q2y)*(q3x + Complex(0,1)*q3y)*Yket(2,-2,2,2,thetaq,wigner) + (q2z*q3x + Complex(0,1)*q2z*q3y + q2x*q3z + Complex(0,1)*q2y*q3z)*Yket(2,-1,2,2,thetaq,wigner) + q2z*q3x*Yket(2,1,2,2,thetaq,wigner) - Complex(0,1)*q2z*q3y*Yket(2,1,2,2,thetaq,wigner) + q2x*q3z*Yket(2,1,2,2,thetaq,wigner) - Complex(0,1)*q2y*q3z*Yket(2,1,2,2,thetaq,wigner) - 2*q2x*q3x*Yket(2,2,2,2,thetaq,wigner) + Complex(0,2)*q2y*q3x*Yket(2,2,2,2,thetaq,wigner) + Complex(0,2)*q2x*q3y*Yket(2,2,2,2,thetaq,wigner) + 2*q2y*q3y*Yket(2,2,2,2,thetaq,wigner)) + Ybra(1,1,2,2,thetapp,phipp,thetaqp,phiqp,wigner)*(Sqrt(2)*(q2x + Complex(0,1)*q2y)*(q3x + Complex(0,1)*q3y)*Yket(2,-1,2,2,thetaq,wigner) + Sqrt(3)*(q2z*(q3x + Complex(0,1)*q3y) + (q2x + Complex(0,1)*q2y)*q3z)*Yket(2,0,2,2,thetaq,wigner) - Sqrt(2)*((q2x*q3x + q2y*q3y - 2*q2z*q3z)*Yket(2,1,2,2,thetaq,wigner) + (q2z*(q3x - Complex(0,1)*q3y) + (q2x - Complex(0,1)*q2y)*q3z)*Yket(2,2,2,2,thetaq,wigner)))))/(2.*Sqrt(5));
    return mtx;
}
else if (idxbra==14 && idxket==1)
{
    mtx = 0;
    return mtx;
}
else if (idxbra==14 && idxket==2)
{
    mtx = 0;
    return mtx;
}
else if (idxbra==14 && idxket==3)
{
    mtx = (Ftpe1*(Ybra(1,-1,2,2,thetapp,phipp,thetaqp,phiqp,wigner)*(2*(q2z*(q3x + Complex(0,1)*q3y) + (q2x + Complex(0,1)*q2y)*q3z)*Yket(2,-2,0,2,thetaq,wigner) - 2*(q2x*q3x + q2y*q3y - 2*q2z*q3z)*Yket(2,-1,0,2,thetaq,wigner) - Sqrt(6)*q2z*q3x*Yket(2,0,0,2,thetaq,wigner) + Complex(0,1)*Sqrt(6)*q2z*q3y*Yket(2,0,0,2,thetaq,wigner) - Sqrt(6)*q2x*q3z*Yket(2,0,0,2,thetaq,wigner) + Complex(0,1)*Sqrt(6)*q2y*q3z*Yket(2,0,0,2,thetaq,wigner) + 2*q2x*q3x*Yket(2,1,0,2,thetaq,wigner) - Complex(0,2)*q2y*q3x*Yket(2,1,0,2,thetaq,wigner) - Complex(0,2)*q2x*q3y*Yket(2,1,0,2,thetaq,wigner) - 2*q2y*q3y*Yket(2,1,0,2,thetaq,wigner)) - Sqrt(2)*Ybra(1,0,2,2,thetapp,phipp,thetaqp,phiqp,wigner)*(2*(q2x + Complex(0,1)*q2y)*(q3x + Complex(0,1)*q3y)*Yket(2,-2,0,2,thetaq,wigner) + (q2z*q3x + Complex(0,1)*q2z*q3y + q2x*q3z + Complex(0,1)*q2y*q3z)*Yket(2,-1,0,2,thetaq,wigner) + q2z*q3x*Yket(2,1,0,2,thetaq,wigner) - Complex(0,1)*q2z*q3y*Yket(2,1,0,2,thetaq,wigner) + q2x*q3z*Yket(2,1,0,2,thetaq,wigner) - Complex(0,1)*q2y*q3z*Yket(2,1,0,2,thetaq,wigner) - 2*q2x*q3x*Yket(2,2,0,2,thetaq,wigner) + Complex(0,2)*q2y*q3x*Yket(2,2,0,2,thetaq,wigner) + Complex(0,2)*q2x*q3y*Yket(2,2,0,2,thetaq,wigner) + 2*q2y*q3y*Yket(2,2,0,2,thetaq,wigner)) - Ybra(1,1,2,2,thetapp,phipp,thetaqp,phiqp,wigner)*(2*(q2x + Complex(0,1)*q2y)*(q3x + Complex(0,1)*q3y)*Yket(2,-1,0,2,thetaq,wigner) + Sqrt(6)*(q2z*(q3x + Complex(0,1)*q3y) + (q2x + Complex(0,1)*q2y)*q3z)*Yket(2,0,0,2,thetaq,wigner) - 2*((q2x*q3x + q2y*q3y - 2*q2z*q3z)*Yket(2,1,0,2,thetaq,wigner) + (q2z*q3x - Complex(0,1)*q2z*q3y + q2x*q3z - Complex(0,1)*q2y*q3z)*Yket(2,2,0,2,thetaq,wigner)))))/(4.*Sqrt(5));
    return mtx;
}
else if (idxbra==14 && idxket==4)
{
    mtx = -((Ftpe1*(Sqrt(2)*(q2z*q3x - Complex(0,1)*q2z*q3y - q2x*q3z + Complex(0,1)*q2y*q3z)*Ybra(1,-1,2,2,thetapp,phipp,thetaqp,phiqp,wigner) - Complex(0,2)*(q2y*q3x - q2x*q3y)*Ybra(1,0,2,2,thetapp,phipp,thetaqp,phiqp,wigner) + Sqrt(2)*(q2z*(q3x + Complex(0,1)*q3y) - (q2x + Complex(0,1)*q2y)*q3z)*Ybra(1,1,2,2,thetapp,phipp,thetaqp,phiqp,wigner))*Yket(0,0,1,1,thetaq,wigner))/Sqrt(2));
    return mtx;
}
else if (idxbra==14 && idxket==5)
{
    mtx = (Ftpe1*(Ybra(1,-1,2,2,thetapp,phipp,thetaqp,phiqp,wigner)*(Complex(0,2)*(q2y*q3x - q2x*q3y)*Yket(1,-1,1,1,thetaq,wigner) + Sqrt(2)*(q2z*q3x - Complex(0,1)*q2z*q3y - q2x*q3z + Complex(0,1)*q2y*q3z)*Yket(1,0,1,1,thetaq,wigner)) + Ybra(1,1,2,2,thetapp,phipp,thetaqp,phiqp,wigner)*(Sqrt(2)*(-(q2z*(q3x + Complex(0,1)*q3y)) + (q2x + Complex(0,1)*q2y)*q3z)*Yket(1,0,1,1,thetaq,wigner) + Complex(0,2)*(-(q2y*q3x) + q2x*q3y)*Yket(1,1,1,1,thetaq,wigner)) + Sqrt(2)*Ybra(1,0,2,2,thetapp,phipp,thetaqp,phiqp,wigner)*((-(q2z*(q3x + Complex(0,1)*q3y)) + (q2x + Complex(0,1)*q2y)*q3z)*Yket(1,-1,1,1,thetaq,wigner) + (q2z*q3x - Complex(0,1)*q2z*q3y - q2x*q3z + Complex(0,1)*q2y*q3z)*Yket(1,1,1,1,thetaq,wigner))))/(2.*Sqrt(6));
    return mtx;
}
else if (idxbra==14 && idxket==6)
{
    mtx = 0;
    return mtx;
}
else if (idxbra==14 && idxket==7)
{
    mtx = 0;
    return mtx;
}
else if (idxbra==14 && idxket==8)
{
    mtx = 0;
    return mtx;
}
else if (idxbra==14 && idxket==9)
{
    mtx = 0;
    return mtx;
}
else if (idxbra==14 && idxket==10)
{
    mtx = 0;
    return mtx;
}
else if (idxbra==14 && idxket==11)
{
    mtx = 0;
    return mtx;
}
else if (idxbra==14 && idxket==12)
{
    mtx = 0;
    return mtx;
}
else if (idxbra==14 && idxket==13)
{
    mtx = (Ftpe1*(Ybra(1,-1,2,2,thetapp,phipp,thetaqp,phiqp,wigner)*(Sqrt(2)*(q2x*q3x + q2y*q3y - 2*q2z*q3z)*Yket(1,-1,2,2,thetaq,wigner) + 3*(q2z*q3x - Complex(0,1)*q2z*q3y + q2x*q3z - Complex(0,1)*q2y*q3z)*Yket(1,0,2,2,thetaq,wigner) - 3*Sqrt(2)*(q2x - Complex(0,1)*q2y)*(q3x - Complex(0,1)*q3y)*Yket(1,1,2,2,thetaq,wigner)) + Ybra(1,0,2,2,thetapp,phipp,thetaqp,phiqp,wigner)*(3*(q2z*(q3x + Complex(0,1)*q3y) + (q2x + Complex(0,1)*q2y)*q3z)*Yket(1,-1,2,2,thetaq,wigner) - 2*Sqrt(2)*(q2x*q3x + q2y*q3y - 2*q2z*q3z)*Yket(1,0,2,2,thetaq,wigner) - 3*(q2z*q3x - Complex(0,1)*q2z*q3y + q2x*q3z - Complex(0,1)*q2y*q3z)*Yket(1,1,2,2,thetaq,wigner)) - Ybra(1,1,2,2,thetapp,phipp,thetaqp,phiqp,wigner)*(3*Sqrt(2)*(q2x + Complex(0,1)*q2y)*(q3x + Complex(0,1)*q3y)*Yket(1,-1,2,2,thetaq,wigner) + 3*(q2z*(q3x + Complex(0,1)*q3y) + (q2x + Complex(0,1)*q2y)*q3z)*Yket(1,0,2,2,thetaq,wigner) - Sqrt(2)*(q2x*q3x + q2y*q3y - 2*q2z*q3z)*Yket(1,1,2,2,thetaq,wigner))))/6.;
    return mtx;
}
else if (idxbra==14 && idxket==14)
{
    mtx = -0.08333333333333333*(Ftpe1*(Ybra(1,-1,2,2,thetapp,phipp,thetaqp,phiqp,wigner)*(2*(q2x*q3x + q2y*q3y + 4*q2z*q3z)*Yket(1,-1,2,2,thetaq,wigner) - 3*Sqrt(2)*(q2z*q3x - Complex(0,1)*q2z*q3y + q2x*q3z - Complex(0,1)*q2y*q3z)*Yket(1,0,2,2,thetaq,wigner) + 6*(q2x - Complex(0,1)*q2y)*(q3x - Complex(0,1)*q3y)*Yket(1,1,2,2,thetaq,wigner)) - Ybra(1,0,2,2,thetapp,phipp,thetaqp,phiqp,wigner)*(3*Sqrt(2)*(q2z*(q3x + Complex(0,1)*q3y) + (q2x + Complex(0,1)*q2y)*q3z)*Yket(1,-1,2,2,thetaq,wigner) + (-8*q2x*q3x - 8*q2y*q3y + 4*q2z*q3z)*Yket(1,0,2,2,thetaq,wigner) - 3*Sqrt(2)*(q2z*q3x - Complex(0,1)*q2z*q3y + q2x*q3z - Complex(0,1)*q2y*q3z)*Yket(1,1,2,2,thetaq,wigner)) + Ybra(1,1,2,2,thetapp,phipp,thetaqp,phiqp,wigner)*(6*(q2x + Complex(0,1)*q2y)*(q3x + Complex(0,1)*q3y)*Yket(1,-1,2,2,thetaq,wigner) + 3*Sqrt(2)*(q2z*q3x + Complex(0,1)*q2z*q3y + q2x*q3z + Complex(0,1)*q2y*q3z)*Yket(1,0,2,2,thetaq,wigner) + 2*(q2x*q3x + q2y*q3y + 4*q2z*q3z)*Yket(1,1,2,2,thetaq,wigner))));
    return mtx;
}
else if (idxbra==14 && idxket==15)
{
    mtx = (Ftpe1*(Ybra(1,-1,2,2,thetapp,phipp,thetaqp,phiqp,wigner)*(2*(q2z*(q3x + Complex(0,1)*q3y) + (q2x + Complex(0,1)*q2y)*q3z)*Yket(2,-2,2,0,thetaq,wigner) - 2*(q2x*q3x + q2y*q3y - 2*q2z*q3z)*Yket(2,-1,2,0,thetaq,wigner) - Sqrt(6)*q2z*q3x*Yket(2,0,2,0,thetaq,wigner) + Complex(0,1)*Sqrt(6)*q2z*q3y*Yket(2,0,2,0,thetaq,wigner) - Sqrt(6)*q2x*q3z*Yket(2,0,2,0,thetaq,wigner) + Complex(0,1)*Sqrt(6)*q2y*q3z*Yket(2,0,2,0,thetaq,wigner) + 2*q2x*q3x*Yket(2,1,2,0,thetaq,wigner) - Complex(0,2)*q2y*q3x*Yket(2,1,2,0,thetaq,wigner) - Complex(0,2)*q2x*q3y*Yket(2,1,2,0,thetaq,wigner) - 2*q2y*q3y*Yket(2,1,2,0,thetaq,wigner)) - Sqrt(2)*Ybra(1,0,2,2,thetapp,phipp,thetaqp,phiqp,wigner)*(2*(q2x + Complex(0,1)*q2y)*(q3x + Complex(0,1)*q3y)*Yket(2,-2,2,0,thetaq,wigner) + (q2z*q3x + Complex(0,1)*q2z*q3y + q2x*q3z + Complex(0,1)*q2y*q3z)*Yket(2,-1,2,0,thetaq,wigner) + q2z*q3x*Yket(2,1,2,0,thetaq,wigner) - Complex(0,1)*q2z*q3y*Yket(2,1,2,0,thetaq,wigner) + q2x*q3z*Yket(2,1,2,0,thetaq,wigner) - Complex(0,1)*q2y*q3z*Yket(2,1,2,0,thetaq,wigner) - 2*q2x*q3x*Yket(2,2,2,0,thetaq,wigner) + Complex(0,2)*q2y*q3x*Yket(2,2,2,0,thetaq,wigner) + Complex(0,2)*q2x*q3y*Yket(2,2,2,0,thetaq,wigner) + 2*q2y*q3y*Yket(2,2,2,0,thetaq,wigner)) - Ybra(1,1,2,2,thetapp,phipp,thetaqp,phiqp,wigner)*(2*(q2x + Complex(0,1)*q2y)*(q3x + Complex(0,1)*q3y)*Yket(2,-1,2,0,thetaq,wigner) + Sqrt(6)*(q2z*(q3x + Complex(0,1)*q3y) + (q2x + Complex(0,1)*q2y)*q3z)*Yket(2,0,2,0,thetaq,wigner) - 2*((q2x*q3x + q2y*q3y - 2*q2z*q3z)*Yket(2,1,2,0,thetaq,wigner) + (q2z*q3x - Complex(0,1)*q2z*q3y + q2x*q3z - Complex(0,1)*q2y*q3z)*Yket(2,2,2,0,thetaq,wigner)))))/(4.*Sqrt(5));
    return mtx;
}
else if (idxbra==14 && idxket==16)
{
    mtx = (Ftpe1*(Ybra(1,-1,2,2,thetapp,phipp,thetaqp,phiqp,wigner)*(2*(q2z*(q3x + Complex(0,1)*q3y) + (q2x + Complex(0,1)*q2y)*q3z)*Yket(2,-2,2,2,thetaq,wigner) - 2*(q2x*q3x + q2y*q3y - 2*q2z*q3z)*Yket(2,-1,2,2,thetaq,wigner) - Sqrt(6)*q2z*q3x*Yket(2,0,2,2,thetaq,wigner) + Complex(0,1)*Sqrt(6)*q2z*q3y*Yket(2,0,2,2,thetaq,wigner) - Sqrt(6)*q2x*q3z*Yket(2,0,2,2,thetaq,wigner) + Complex(0,1)*Sqrt(6)*q2y*q3z*Yket(2,0,2,2,thetaq,wigner) + 2*q2x*q3x*Yket(2,1,2,2,thetaq,wigner) - Complex(0,2)*q2y*q3x*Yket(2,1,2,2,thetaq,wigner) - Complex(0,2)*q2x*q3y*Yket(2,1,2,2,thetaq,wigner) - 2*q2y*q3y*Yket(2,1,2,2,thetaq,wigner)) - Sqrt(2)*Ybra(1,0,2,2,thetapp,phipp,thetaqp,phiqp,wigner)*(2*(q2x + Complex(0,1)*q2y)*(q3x + Complex(0,1)*q3y)*Yket(2,-2,2,2,thetaq,wigner) + (q2z*q3x + Complex(0,1)*q2z*q3y + q2x*q3z + Complex(0,1)*q2y*q3z)*Yket(2,-1,2,2,thetaq,wigner) + q2z*q3x*Yket(2,1,2,2,thetaq,wigner) - Complex(0,1)*q2z*q3y*Yket(2,1,2,2,thetaq,wigner) + q2x*q3z*Yket(2,1,2,2,thetaq,wigner) - Complex(0,1)*q2y*q3z*Yket(2,1,2,2,thetaq,wigner) - 2*q2x*q3x*Yket(2,2,2,2,thetaq,wigner) + Complex(0,2)*q2y*q3x*Yket(2,2,2,2,thetaq,wigner) + Complex(0,2)*q2x*q3y*Yket(2,2,2,2,thetaq,wigner) + 2*q2y*q3y*Yket(2,2,2,2,thetaq,wigner)) - Ybra(1,1,2,2,thetapp,phipp,thetaqp,phiqp,wigner)*(2*(q2x + Complex(0,1)*q2y)*(q3x + Complex(0,1)*q3y)*Yket(2,-1,2,2,thetaq,wigner) + Sqrt(6)*(q2z*(q3x + Complex(0,1)*q3y) + (q2x + Complex(0,1)*q2y)*q3z)*Yket(2,0,2,2,thetaq,wigner) - 2*((q2x*q3x + q2y*q3y - 2*q2z*q3z)*Yket(2,1,2,2,thetaq,wigner) + (q2z*q3x - Complex(0,1)*q2z*q3y + q2x*q3z - Complex(0,1)*q2y*q3z)*Yket(2,2,2,2,thetaq,wigner)))))/(4.*Sqrt(5));
    return mtx;
}
else if (idxbra==15 && idxket==1)
{
    mtx = 0;
    return mtx;
}
else if (idxbra==15 && idxket==2)
{
    mtx = (Ftpe1*(Sqrt(3)*(q2x - Complex(0,1)*q2y)*(q3x - Complex(0,1)*q3y)*Ybra(2,-2,2,0,thetapp,phipp,thetaqp,phiqp,wigner) + Sqrt(3)*(q2z*q3x - Complex(0,1)*q2z*q3y + q2x*q3z - Complex(0,1)*q2y*q3z)*Ybra(2,-1,2,0,thetapp,phipp,thetaqp,phiqp,wigner) - Sqrt(2)*q2x*q3x*Ybra(2,0,2,0,thetapp,phipp,thetaqp,phiqp,wigner) - Sqrt(2)*q2y*q3y*Ybra(2,0,2,0,thetapp,phipp,thetaqp,phiqp,wigner) + 2*Sqrt(2)*q2z*q3z*Ybra(2,0,2,0,thetapp,phipp,thetaqp,phiqp,wigner) - Sqrt(3)*q2z*q3x*Ybra(2,1,2,0,thetapp,phipp,thetaqp,phiqp,wigner) - Complex(0,1)*Sqrt(3)*q2z*q3y*Ybra(2,1,2,0,thetapp,phipp,thetaqp,phiqp,wigner) - Sqrt(3)*q2x*q3z*Ybra(2,1,2,0,thetapp,phipp,thetaqp,phiqp,wigner) - Complex(0,1)*Sqrt(3)*q2y*q3z*Ybra(2,1,2,0,thetapp,phipp,thetaqp,phiqp,wigner) + Sqrt(3)*q2x*q3x*Ybra(2,2,2,0,thetapp,phipp,thetaqp,phiqp,wigner) + Complex(0,1)*Sqrt(3)*q2y*q3x*Ybra(2,2,2,0,thetapp,phipp,thetaqp,phiqp,wigner) + Complex(0,1)*Sqrt(3)*q2x*q3y*Ybra(2,2,2,0,thetapp,phipp,thetaqp,phiqp,wigner) - Sqrt(3)*q2y*q3y*Ybra(2,2,2,0,thetapp,phipp,thetaqp,phiqp,wigner))*Yket(0,0,0,0,thetaq,wigner))/Sqrt(5);
    return mtx;
}
else if (idxbra==15 && idxket==3)
{
    mtx = -0.05*(Ftpe1*(2*Sqrt(6)*q2x*q3x*Ybra(2,0,2,0,thetapp,phipp,thetaqp,phiqp,wigner)*Yket(2,-2,0,2,thetaq,wigner) + Complex(0,2)*Sqrt(6)*q2y*q3x*Ybra(2,0,2,0,thetapp,phipp,thetaqp,phiqp,wigner)*Yket(2,-2,0,2,thetaq,wigner) + Complex(0,2)*Sqrt(6)*q2x*q3y*Ybra(2,0,2,0,thetapp,phipp,thetaqp,phiqp,wigner)*Yket(2,-2,0,2,thetaq,wigner) - 2*Sqrt(6)*q2y*q3y*Ybra(2,0,2,0,thetapp,phipp,thetaqp,phiqp,wigner)*Yket(2,-2,0,2,thetaq,wigner) - Sqrt(6)*q2z*q3x*Ybra(2,0,2,0,thetapp,phipp,thetaqp,phiqp,wigner)*Yket(2,-1,0,2,thetaq,wigner) - Complex(0,1)*Sqrt(6)*q2z*q3y*Ybra(2,0,2,0,thetapp,phipp,thetaqp,phiqp,wigner)*Yket(2,-1,0,2,thetaq,wigner) - Sqrt(6)*q2x*q3z*Ybra(2,0,2,0,thetapp,phipp,thetaqp,phiqp,wigner)*Yket(2,-1,0,2,thetaq,wigner) - Complex(0,1)*Sqrt(6)*q2y*q3z*Ybra(2,0,2,0,thetapp,phipp,thetaqp,phiqp,wigner)*Yket(2,-1,0,2,thetaq,wigner) + 6*q2x*q3x*Ybra(2,1,2,0,thetapp,phipp,thetaqp,phiqp,wigner)*Yket(2,-1,0,2,thetaq,wigner) + Complex(0,6)*q2y*q3x*Ybra(2,1,2,0,thetapp,phipp,thetaqp,phiqp,wigner)*Yket(2,-1,0,2,thetaq,wigner) + Complex(0,6)*q2x*q3y*Ybra(2,1,2,0,thetapp,phipp,thetaqp,phiqp,wigner)*Yket(2,-1,0,2,thetaq,wigner) - 6*q2y*q3y*Ybra(2,1,2,0,thetapp,phipp,thetaqp,phiqp,wigner)*Yket(2,-1,0,2,thetaq,wigner) + 8*q2x*q3x*Ybra(2,0,2,0,thetapp,phipp,thetaqp,phiqp,wigner)*Yket(2,0,0,2,thetaq,wigner) + 8*q2y*q3y*Ybra(2,0,2,0,thetapp,phipp,thetaqp,phiqp,wigner)*Yket(2,0,0,2,thetaq,wigner) - 4*q2z*q3z*Ybra(2,0,2,0,thetapp,phipp,thetaqp,phiqp,wigner)*Yket(2,0,0,2,thetaq,wigner) + Sqrt(6)*q2z*q3x*Ybra(2,1,2,0,thetapp,phipp,thetaqp,phiqp,wigner)*Yket(2,0,0,2,thetaq,wigner) + Complex(0,1)*Sqrt(6)*q2z*q3y*Ybra(2,1,2,0,thetapp,phipp,thetaqp,phiqp,wigner)*Yket(2,0,0,2,thetaq,wigner) + Sqrt(6)*q2x*q3z*Ybra(2,1,2,0,thetapp,phipp,thetaqp,phiqp,wigner)*Yket(2,0,0,2,thetaq,wigner) + Complex(0,1)*Sqrt(6)*q2y*q3z*Ybra(2,1,2,0,thetapp,phipp,thetaqp,phiqp,wigner)*Yket(2,0,0,2,thetaq,wigner) + 2*Sqrt(6)*q2x*q3x*Ybra(2,2,2,0,thetapp,phipp,thetaqp,phiqp,wigner)*Yket(2,0,0,2,thetaq,wigner) + Complex(0,2)*Sqrt(6)*q2y*q3x*Ybra(2,2,2,0,thetapp,phipp,thetaqp,phiqp,wigner)*Yket(2,0,0,2,thetaq,wigner) + Complex(0,2)*Sqrt(6)*q2x*q3y*Ybra(2,2,2,0,thetapp,phipp,thetaqp,phiqp,wigner)*Yket(2,0,0,2,thetaq,wigner) - 2*Sqrt(6)*q2y*q3y*Ybra(2,2,2,0,thetapp,phipp,thetaqp,phiqp,wigner)*Yket(2,0,0,2,thetaq,wigner) + 2*Ybra(2,-2,2,0,thetapp,phipp,thetaqp,phiqp,wigner)*(6*q2z*q3z*Yket(2,-2,0,2,thetaq,wigner) - 3*(q2z*(q3x - Complex(0,1)*q3y) + (q2x - Complex(0,1)*q2y)*q3z)*Yket(2,-1,0,2,thetaq,wigner) + Sqrt(6)*(q2x - Complex(0,1)*q2y)*(q3x - Complex(0,1)*q3y)*Yket(2,0,0,2,thetaq,wigner)) + Sqrt(6)*q2z*q3x*Ybra(2,0,2,0,thetapp,phipp,thetaqp,phiqp,wigner)*Yket(2,1,0,2,thetaq,wigner) - Complex(0,1)*Sqrt(6)*q2z*q3y*Ybra(2,0,2,0,thetapp,phipp,thetaqp,phiqp,wigner)*Yket(2,1,0,2,thetaq,wigner) + Sqrt(6)*q2x*q3z*Ybra(2,0,2,0,thetapp,phipp,thetaqp,phiqp,wigner)*Yket(2,1,0,2,thetaq,wigner) - Complex(0,1)*Sqrt(6)*q2y*q3z*Ybra(2,0,2,0,thetapp,phipp,thetaqp,phiqp,wigner)*Yket(2,1,0,2,thetaq,wigner) + 6*q2x*q3x*Ybra(2,1,2,0,thetapp,phipp,thetaqp,phiqp,wigner)*Yket(2,1,0,2,thetaq,wigner) + 6*q2y*q3y*Ybra(2,1,2,0,thetapp,phipp,thetaqp,phiqp,wigner)*Yket(2,1,0,2,thetaq,wigner) + 6*q2z*q3x*Ybra(2,2,2,0,thetapp,phipp,thetaqp,phiqp,wigner)*Yket(2,1,0,2,thetaq,wigner) + Complex(0,6)*q2z*q3y*Ybra(2,2,2,0,thetapp,phipp,thetaqp,phiqp,wigner)*Yket(2,1,0,2,thetaq,wigner) + 6*q2x*q3z*Ybra(2,2,2,0,thetapp,phipp,thetaqp,phiqp,wigner)*Yket(2,1,0,2,thetaq,wigner) + Complex(0,6)*q2y*q3z*Ybra(2,2,2,0,thetapp,phipp,thetaqp,phiqp,wigner)*Yket(2,1,0,2,thetaq,wigner) - Ybra(2,-1,2,0,thetapp,phipp,thetaqp,phiqp,wigner)*(6*(q2z*(q3x + Complex(0,1)*q3y) + (q2x + Complex(0,1)*q2y)*q3z)*Yket(2,-2,0,2,thetaq,wigner) - 6*(q2x*q3x + q2y*q3y)*Yket(2,-1,0,2,thetaq,wigner) + Sqrt(6)*q2z*q3x*Yket(2,0,0,2,thetaq,wigner) - Complex(0,1)*Sqrt(6)*q2z*q3y*Yket(2,0,0,2,thetaq,wigner) + Sqrt(6)*q2x*q3z*Yket(2,0,0,2,thetaq,wigner) - Complex(0,1)*Sqrt(6)*q2y*q3z*Yket(2,0,0,2,thetaq,wigner) - 6*q2x*q3x*Yket(2,1,0,2,thetaq,wigner) + Complex(0,6)*q2y*q3x*Yket(2,1,0,2,thetaq,wigner) + Complex(0,6)*q2x*q3y*Yket(2,1,0,2,thetaq,wigner) + 6*q2y*q3y*Yket(2,1,0,2,thetaq,wigner)) + 2*Sqrt(6)*q2x*q3x*Ybra(2,0,2,0,thetapp,phipp,thetaqp,phiqp,wigner)*Yket(2,2,0,2,thetaq,wigner) - Complex(0,2)*Sqrt(6)*q2y*q3x*Ybra(2,0,2,0,thetapp,phipp,thetaqp,phiqp,wigner)*Yket(2,2,0,2,thetaq,wigner) - Complex(0,2)*Sqrt(6)*q2x*q3y*Ybra(2,0,2,0,thetapp,phipp,thetaqp,phiqp,wigner)*Yket(2,2,0,2,thetaq,wigner) - 2*Sqrt(6)*q2y*q3y*Ybra(2,0,2,0,thetapp,phipp,thetaqp,phiqp,wigner)*Yket(2,2,0,2,thetaq,wigner) + 6*q2z*q3x*Ybra(2,1,2,0,thetapp,phipp,thetaqp,phiqp,wigner)*Yket(2,2,0,2,thetaq,wigner) - Complex(0,6)*q2z*q3y*Ybra(2,1,2,0,thetapp,phipp,thetaqp,phiqp,wigner)*Yket(2,2,0,2,thetaq,wigner) + 6*q2x*q3z*Ybra(2,1,2,0,thetapp,phipp,thetaqp,phiqp,wigner)*Yket(2,2,0,2,thetaq,wigner) - Complex(0,6)*q2y*q3z*Ybra(2,1,2,0,thetapp,phipp,thetaqp,phiqp,wigner)*Yket(2,2,0,2,thetaq,wigner) + 12*q2z*q3z*Ybra(2,2,2,0,thetapp,phipp,thetaqp,phiqp,wigner)*Yket(2,2,0,2,thetaq,wigner)));
    return mtx;
}
else if (idxbra==15 && idxket==4)
{
    mtx = 0;
    return mtx;
}
else if (idxbra==15 && idxket==5)
{
    mtx = (Ftpe1*(2*Sqrt(3)*(-(q2z*q3x) + Complex(0,1)*q2z*q3y + q2x*q3z - Complex(0,1)*q2y*q3z)*Ybra(2,-2,2,0,thetapp,phipp,thetaqp,phiqp,wigner)*Yket(1,-1,1,1,thetaq,wigner) - Sqrt(2)*q2z*q3x*Ybra(2,0,2,0,thetapp,phipp,thetaqp,phiqp,wigner)*Yket(1,-1,1,1,thetaq,wigner) - Complex(0,1)*Sqrt(2)*q2z*q3y*Ybra(2,0,2,0,thetapp,phipp,thetaqp,phiqp,wigner)*Yket(1,-1,1,1,thetaq,wigner) + Sqrt(2)*q2x*q3z*Ybra(2,0,2,0,thetapp,phipp,thetaqp,phiqp,wigner)*Yket(1,-1,1,1,thetaq,wigner) + Complex(0,1)*Sqrt(2)*q2y*q3z*Ybra(2,0,2,0,thetapp,phipp,thetaqp,phiqp,wigner)*Yket(1,-1,1,1,thetaq,wigner) + Complex(0,4)*q2y*q3x*Ybra(2,0,2,0,thetapp,phipp,thetaqp,phiqp,wigner)*Yket(1,0,1,1,thetaq,wigner) - Complex(0,4)*q2x*q3y*Ybra(2,0,2,0,thetapp,phipp,thetaqp,phiqp,wigner)*Yket(1,0,1,1,thetaq,wigner) - Sqrt(6)*q2z*q3x*Ybra(2,1,2,0,thetapp,phipp,thetaqp,phiqp,wigner)*Yket(1,0,1,1,thetaq,wigner) - Complex(0,1)*Sqrt(6)*q2z*q3y*Ybra(2,1,2,0,thetapp,phipp,thetaqp,phiqp,wigner)*Yket(1,0,1,1,thetaq,wigner) + Sqrt(6)*q2x*q3z*Ybra(2,1,2,0,thetapp,phipp,thetaqp,phiqp,wigner)*Yket(1,0,1,1,thetaq,wigner) + Complex(0,1)*Sqrt(6)*q2y*q3z*Ybra(2,1,2,0,thetapp,phipp,thetaqp,phiqp,wigner)*Yket(1,0,1,1,thetaq,wigner) + Sqrt(3)*Ybra(2,-1,2,0,thetapp,phipp,thetaqp,phiqp,wigner)*(Complex(0,2)*(q2y*q3x - q2x*q3y)*Yket(1,-1,1,1,thetaq,wigner) + Sqrt(2)*(-(q2z*q3x) + Complex(0,1)*q2z*q3y + q2x*q3z - Complex(0,1)*q2y*q3z)*Yket(1,0,1,1,thetaq,wigner)) - Sqrt(2)*q2z*q3x*Ybra(2,0,2,0,thetapp,phipp,thetaqp,phiqp,wigner)*Yket(1,1,1,1,thetaq,wigner) + Complex(0,1)*Sqrt(2)*q2z*q3y*Ybra(2,0,2,0,thetapp,phipp,thetaqp,phiqp,wigner)*Yket(1,1,1,1,thetaq,wigner) + Sqrt(2)*q2x*q3z*Ybra(2,0,2,0,thetapp,phipp,thetaqp,phiqp,wigner)*Yket(1,1,1,1,thetaq,wigner) - Complex(0,1)*Sqrt(2)*q2y*q3z*Ybra(2,0,2,0,thetapp,phipp,thetaqp,phiqp,wigner)*Yket(1,1,1,1,thetaq,wigner) + Complex(0,2)*Sqrt(3)*q2y*q3x*Ybra(2,1,2,0,thetapp,phipp,thetaqp,phiqp,wigner)*Yket(1,1,1,1,thetaq,wigner) - Complex(0,2)*Sqrt(3)*q2x*q3y*Ybra(2,1,2,0,thetapp,phipp,thetaqp,phiqp,wigner)*Yket(1,1,1,1,thetaq,wigner) - 2*Sqrt(3)*q2z*q3x*Ybra(2,2,2,0,thetapp,phipp,thetaqp,phiqp,wigner)*Yket(1,1,1,1,thetaq,wigner) - Complex(0,2)*Sqrt(3)*q2z*q3y*Ybra(2,2,2,0,thetapp,phipp,thetaqp,phiqp,wigner)*Yket(1,1,1,1,thetaq,wigner) + 2*Sqrt(3)*q2x*q3z*Ybra(2,2,2,0,thetapp,phipp,thetaqp,phiqp,wigner)*Yket(1,1,1,1,thetaq,wigner) + Complex(0,2)*Sqrt(3)*q2y*q3z*Ybra(2,2,2,0,thetapp,phipp,thetaqp,phiqp,wigner)*Yket(1,1,1,1,thetaq,wigner)))/(2.*Sqrt(10));
    return mtx;
}
else if (idxbra==15 && idxket==6)
{
    mtx = 0;
    return mtx;
}
else if (idxbra==15 && idxket==7)
{
    mtx = 0;
    return mtx;
}
else if (idxbra==15 && idxket==8)
{
    mtx = 0;
    return mtx;
}
else if (idxbra==15 && idxket==9)
{
    mtx = 0;
    return mtx;
}
else if (idxbra==15 && idxket==10)
{
    mtx = 0;
    return mtx;
}
else if (idxbra==15 && idxket==11)
{
    mtx = 0;
    return mtx;
}
else if (idxbra==15 && idxket==12)
{
    mtx = (Ftpe1*(Sqrt(3)*(q2x - Complex(0,1)*q2y)*(q3x - Complex(0,1)*q3y)*Ybra(2,-2,2,0,thetapp,phipp,thetaqp,phiqp,wigner) + Sqrt(3)*(q2z*q3x - Complex(0,1)*q2z*q3y + q2x*q3z - Complex(0,1)*q2y*q3z)*Ybra(2,-1,2,0,thetapp,phipp,thetaqp,phiqp,wigner) - Sqrt(2)*q2x*q3x*Ybra(2,0,2,0,thetapp,phipp,thetaqp,phiqp,wigner) - Sqrt(2)*q2y*q3y*Ybra(2,0,2,0,thetapp,phipp,thetaqp,phiqp,wigner) + 2*Sqrt(2)*q2z*q3z*Ybra(2,0,2,0,thetapp,phipp,thetaqp,phiqp,wigner) - Sqrt(3)*q2z*q3x*Ybra(2,1,2,0,thetapp,phipp,thetaqp,phiqp,wigner) - Complex(0,1)*Sqrt(3)*q2z*q3y*Ybra(2,1,2,0,thetapp,phipp,thetaqp,phiqp,wigner) - Sqrt(3)*q2x*q3z*Ybra(2,1,2,0,thetapp,phipp,thetaqp,phiqp,wigner) - Complex(0,1)*Sqrt(3)*q2y*q3z*Ybra(2,1,2,0,thetapp,phipp,thetaqp,phiqp,wigner) + Sqrt(3)*q2x*q3x*Ybra(2,2,2,0,thetapp,phipp,thetaqp,phiqp,wigner) + Complex(0,1)*Sqrt(3)*q2y*q3x*Ybra(2,2,2,0,thetapp,phipp,thetaqp,phiqp,wigner) + Complex(0,1)*Sqrt(3)*q2x*q3y*Ybra(2,2,2,0,thetapp,phipp,thetaqp,phiqp,wigner) - Sqrt(3)*q2y*q3y*Ybra(2,2,2,0,thetapp,phipp,thetaqp,phiqp,wigner))*Yket(0,0,2,2,thetaq,wigner))/Sqrt(5);
    return mtx;
}
else if (idxbra==15 && idxket==13)
{
    mtx = (Ftpe1*(Sqrt(3)*q2z*q3x*Ybra(2,0,2,0,thetapp,phipp,thetaqp,phiqp,wigner)*Yket(1,-1,2,2,thetaq,wigner) + Complex(0,1)*Sqrt(3)*q2z*q3y*Ybra(2,0,2,0,thetapp,phipp,thetaqp,phiqp,wigner)*Yket(1,-1,2,2,thetaq,wigner) + Sqrt(3)*q2x*q3z*Ybra(2,0,2,0,thetapp,phipp,thetaqp,phiqp,wigner)*Yket(1,-1,2,2,thetaq,wigner) + Complex(0,1)*Sqrt(3)*q2y*q3z*Ybra(2,0,2,0,thetapp,phipp,thetaqp,phiqp,wigner)*Yket(1,-1,2,2,thetaq,wigner) - Sqrt(2)*q2x*q3x*Ybra(2,1,2,0,thetapp,phipp,thetaqp,phiqp,wigner)*Yket(1,-1,2,2,thetaq,wigner) - Complex(0,1)*Sqrt(2)*q2y*q3x*Ybra(2,1,2,0,thetapp,phipp,thetaqp,phiqp,wigner)*Yket(1,-1,2,2,thetaq,wigner) - Complex(0,1)*Sqrt(2)*q2x*q3y*Ybra(2,1,2,0,thetapp,phipp,thetaqp,phiqp,wigner)*Yket(1,-1,2,2,thetaq,wigner) + Sqrt(2)*q2y*q3y*Ybra(2,1,2,0,thetapp,phipp,thetaqp,phiqp,wigner)*Yket(1,-1,2,2,thetaq,wigner) + q2z*q3x*Ybra(2,1,2,0,thetapp,phipp,thetaqp,phiqp,wigner)*Yket(1,0,2,2,thetaq,wigner) + Complex(0,1)*q2z*q3y*Ybra(2,1,2,0,thetapp,phipp,thetaqp,phiqp,wigner)*Yket(1,0,2,2,thetaq,wigner) + q2x*q3z*Ybra(2,1,2,0,thetapp,phipp,thetaqp,phiqp,wigner)*Yket(1,0,2,2,thetaq,wigner) + Complex(0,1)*q2y*q3z*Ybra(2,1,2,0,thetapp,phipp,thetaqp,phiqp,wigner)*Yket(1,0,2,2,thetaq,wigner) - 2*q2x*q3x*Ybra(2,2,2,0,thetapp,phipp,thetaqp,phiqp,wigner)*Yket(1,0,2,2,thetaq,wigner) - Complex(0,2)*q2y*q3x*Ybra(2,2,2,0,thetapp,phipp,thetaqp,phiqp,wigner)*Yket(1,0,2,2,thetaq,wigner) - Complex(0,2)*q2x*q3y*Ybra(2,2,2,0,thetapp,phipp,thetaqp,phiqp,wigner)*Yket(1,0,2,2,thetaq,wigner) + 2*q2y*q3y*Ybra(2,2,2,0,thetapp,phipp,thetaqp,phiqp,wigner)*Yket(1,0,2,2,thetaq,wigner) - Ybra(2,-2,2,0,thetapp,phipp,thetaqp,phiqp,wigner)*(Sqrt(2)*(q2z*(q3x - Complex(0,1)*q3y) + (q2x - Complex(0,1)*q2y)*q3z)*Yket(1,-1,2,2,thetaq,wigner) - 2*(q2x - Complex(0,1)*q2y)*(q3x - Complex(0,1)*q3y)*Yket(1,0,2,2,thetaq,wigner)) + Sqrt(3)*q2z*q3x*Ybra(2,0,2,0,thetapp,phipp,thetaqp,phiqp,wigner)*Yket(1,1,2,2,thetaq,wigner) - Complex(0,1)*Sqrt(3)*q2z*q3y*Ybra(2,0,2,0,thetapp,phipp,thetaqp,phiqp,wigner)*Yket(1,1,2,2,thetaq,wigner) + Sqrt(3)*q2x*q3z*Ybra(2,0,2,0,thetapp,phipp,thetaqp,phiqp,wigner)*Yket(1,1,2,2,thetaq,wigner) - Complex(0,1)*Sqrt(3)*q2y*q3z*Ybra(2,0,2,0,thetapp,phipp,thetaqp,phiqp,wigner)*Yket(1,1,2,2,thetaq,wigner) - Sqrt(2)*q2x*q3x*Ybra(2,1,2,0,thetapp,phipp,thetaqp,phiqp,wigner)*Yket(1,1,2,2,thetaq,wigner) - Sqrt(2)*q2y*q3y*Ybra(2,1,2,0,thetapp,phipp,thetaqp,phiqp,wigner)*Yket(1,1,2,2,thetaq,wigner) + 2*Sqrt(2)*q2z*q3z*Ybra(2,1,2,0,thetapp,phipp,thetaqp,phiqp,wigner)*Yket(1,1,2,2,thetaq,wigner) - Sqrt(2)*q2z*q3x*Ybra(2,2,2,0,thetapp,phipp,thetaqp,phiqp,wigner)*Yket(1,1,2,2,thetaq,wigner) - Complex(0,1)*Sqrt(2)*q2z*q3y*Ybra(2,2,2,0,thetapp,phipp,thetaqp,phiqp,wigner)*Yket(1,1,2,2,thetaq,wigner) - Sqrt(2)*q2x*q3z*Ybra(2,2,2,0,thetapp,phipp,thetaqp,phiqp,wigner)*Yket(1,1,2,2,thetaq,wigner) - Complex(0,1)*Sqrt(2)*q2y*q3z*Ybra(2,2,2,0,thetapp,phipp,thetaqp,phiqp,wigner)*Yket(1,1,2,2,thetaq,wigner) + Ybra(2,-1,2,0,thetapp,phipp,thetaqp,phiqp,wigner)*(Sqrt(2)*(q2x*q3x + q2y*q3y - 2*q2z*q3z)*Yket(1,-1,2,2,thetaq,wigner) + (q2z*(q3x - Complex(0,1)*q3y) + (q2x - Complex(0,1)*q2y)*q3z)*Yket(1,0,2,2,thetaq,wigner) + Sqrt(2)*(q2x - Complex(0,1)*q2y)*(q3x - Complex(0,1)*q3y)*Yket(1,1,2,2,thetaq,wigner))))/(2.*Sqrt(5));
    return mtx;
}
else if (idxbra==15 && idxket==14)
{
    mtx = -0.25*(Ftpe1*(Sqrt(6)*q2z*q3x*Ybra(2,0,2,0,thetapp,phipp,thetaqp,phiqp,wigner)*Yket(1,-1,2,2,thetaq,wigner) + Complex(0,1)*Sqrt(6)*q2z*q3y*Ybra(2,0,2,0,thetapp,phipp,thetaqp,phiqp,wigner)*Yket(1,-1,2,2,thetaq,wigner) + Sqrt(6)*q2x*q3z*Ybra(2,0,2,0,thetapp,phipp,thetaqp,phiqp,wigner)*Yket(1,-1,2,2,thetaq,wigner) + Complex(0,1)*Sqrt(6)*q2y*q3z*Ybra(2,0,2,0,thetapp,phipp,thetaqp,phiqp,wigner)*Yket(1,-1,2,2,thetaq,wigner) - 2*q2x*q3x*Ybra(2,1,2,0,thetapp,phipp,thetaqp,phiqp,wigner)*Yket(1,-1,2,2,thetaq,wigner) - Complex(0,2)*q2y*q3x*Ybra(2,1,2,0,thetapp,phipp,thetaqp,phiqp,wigner)*Yket(1,-1,2,2,thetaq,wigner) - Complex(0,2)*q2x*q3y*Ybra(2,1,2,0,thetapp,phipp,thetaqp,phiqp,wigner)*Yket(1,-1,2,2,thetaq,wigner) + 2*q2y*q3y*Ybra(2,1,2,0,thetapp,phipp,thetaqp,phiqp,wigner)*Yket(1,-1,2,2,thetaq,wigner) + Sqrt(2)*q2z*q3x*Ybra(2,1,2,0,thetapp,phipp,thetaqp,phiqp,wigner)*Yket(1,0,2,2,thetaq,wigner) + Complex(0,1)*Sqrt(2)*q2z*q3y*Ybra(2,1,2,0,thetapp,phipp,thetaqp,phiqp,wigner)*Yket(1,0,2,2,thetaq,wigner) + Sqrt(2)*q2x*q3z*Ybra(2,1,2,0,thetapp,phipp,thetaqp,phiqp,wigner)*Yket(1,0,2,2,thetaq,wigner) + Complex(0,1)*Sqrt(2)*q2y*q3z*Ybra(2,1,2,0,thetapp,phipp,thetaqp,phiqp,wigner)*Yket(1,0,2,2,thetaq,wigner) - 2*Sqrt(2)*q2x*q3x*Ybra(2,2,2,0,thetapp,phipp,thetaqp,phiqp,wigner)*Yket(1,0,2,2,thetaq,wigner) - Complex(0,2)*Sqrt(2)*q2y*q3x*Ybra(2,2,2,0,thetapp,phipp,thetaqp,phiqp,wigner)*Yket(1,0,2,2,thetaq,wigner) - Complex(0,2)*Sqrt(2)*q2x*q3y*Ybra(2,2,2,0,thetapp,phipp,thetaqp,phiqp,wigner)*Yket(1,0,2,2,thetaq,wigner) + 2*Sqrt(2)*q2y*q3y*Ybra(2,2,2,0,thetapp,phipp,thetaqp,phiqp,wigner)*Yket(1,0,2,2,thetaq,wigner) - 2*Ybra(2,-2,2,0,thetapp,phipp,thetaqp,phiqp,wigner)*((q2z*(q3x - Complex(0,1)*q3y) + (q2x - Complex(0,1)*q2y)*q3z)*Yket(1,-1,2,2,thetaq,wigner) - Sqrt(2)*(q2x - Complex(0,1)*q2y)*(q3x - Complex(0,1)*q3y)*Yket(1,0,2,2,thetaq,wigner)) + Sqrt(6)*q2z*q3x*Ybra(2,0,2,0,thetapp,phipp,thetaqp,phiqp,wigner)*Yket(1,1,2,2,thetaq,wigner) - Complex(0,1)*Sqrt(6)*q2z*q3y*Ybra(2,0,2,0,thetapp,phipp,thetaqp,phiqp,wigner)*Yket(1,1,2,2,thetaq,wigner) + Sqrt(6)*q2x*q3z*Ybra(2,0,2,0,thetapp,phipp,thetaqp,phiqp,wigner)*Yket(1,1,2,2,thetaq,wigner) - Complex(0,1)*Sqrt(6)*q2y*q3z*Ybra(2,0,2,0,thetapp,phipp,thetaqp,phiqp,wigner)*Yket(1,1,2,2,thetaq,wigner) - 2*q2x*q3x*Ybra(2,1,2,0,thetapp,phipp,thetaqp,phiqp,wigner)*Yket(1,1,2,2,thetaq,wigner) - 2*q2y*q3y*Ybra(2,1,2,0,thetapp,phipp,thetaqp,phiqp,wigner)*Yket(1,1,2,2,thetaq,wigner) + 4*q2z*q3z*Ybra(2,1,2,0,thetapp,phipp,thetaqp,phiqp,wigner)*Yket(1,1,2,2,thetaq,wigner) - 2*q2z*q3x*Ybra(2,2,2,0,thetapp,phipp,thetaqp,phiqp,wigner)*Yket(1,1,2,2,thetaq,wigner) - Complex(0,2)*q2z*q3y*Ybra(2,2,2,0,thetapp,phipp,thetaqp,phiqp,wigner)*Yket(1,1,2,2,thetaq,wigner) - 2*q2x*q3z*Ybra(2,2,2,0,thetapp,phipp,thetaqp,phiqp,wigner)*Yket(1,1,2,2,thetaq,wigner) - Complex(0,2)*q2y*q3z*Ybra(2,2,2,0,thetapp,phipp,thetaqp,phiqp,wigner)*Yket(1,1,2,2,thetaq,wigner) + Ybra(2,-1,2,0,thetapp,phipp,thetaqp,phiqp,wigner)*(2*(q2x*q3x + q2y*q3y - 2*q2z*q3z)*Yket(1,-1,2,2,thetaq,wigner) + Sqrt(2)*(q2z*q3x - Complex(0,1)*q2z*q3y + q2x*q3z - Complex(0,1)*q2y*q3z)*Yket(1,0,2,2,thetaq,wigner) + 2*(q2x - Complex(0,1)*q2y)*(q3x - Complex(0,1)*q3y)*Yket(1,1,2,2,thetaq,wigner))))/Sqrt(5);
    return mtx;
}
else if (idxbra==15 && idxket==15)
{
    mtx = -0.05*(Ftpe1*(2*Sqrt(6)*q2x*q3x*Ybra(2,0,2,0,thetapp,phipp,thetaqp,phiqp,wigner)*Yket(2,-2,2,0,thetaq,wigner) + Complex(0,2)*Sqrt(6)*q2y*q3x*Ybra(2,0,2,0,thetapp,phipp,thetaqp,phiqp,wigner)*Yket(2,-2,2,0,thetaq,wigner) + Complex(0,2)*Sqrt(6)*q2x*q3y*Ybra(2,0,2,0,thetapp,phipp,thetaqp,phiqp,wigner)*Yket(2,-2,2,0,thetaq,wigner) - 2*Sqrt(6)*q2y*q3y*Ybra(2,0,2,0,thetapp,phipp,thetaqp,phiqp,wigner)*Yket(2,-2,2,0,thetaq,wigner) - Sqrt(6)*q2z*q3x*Ybra(2,0,2,0,thetapp,phipp,thetaqp,phiqp,wigner)*Yket(2,-1,2,0,thetaq,wigner) - Complex(0,1)*Sqrt(6)*q2z*q3y*Ybra(2,0,2,0,thetapp,phipp,thetaqp,phiqp,wigner)*Yket(2,-1,2,0,thetaq,wigner) - Sqrt(6)*q2x*q3z*Ybra(2,0,2,0,thetapp,phipp,thetaqp,phiqp,wigner)*Yket(2,-1,2,0,thetaq,wigner) - Complex(0,1)*Sqrt(6)*q2y*q3z*Ybra(2,0,2,0,thetapp,phipp,thetaqp,phiqp,wigner)*Yket(2,-1,2,0,thetaq,wigner) + 6*q2x*q3x*Ybra(2,1,2,0,thetapp,phipp,thetaqp,phiqp,wigner)*Yket(2,-1,2,0,thetaq,wigner) + Complex(0,6)*q2y*q3x*Ybra(2,1,2,0,thetapp,phipp,thetaqp,phiqp,wigner)*Yket(2,-1,2,0,thetaq,wigner) + Complex(0,6)*q2x*q3y*Ybra(2,1,2,0,thetapp,phipp,thetaqp,phiqp,wigner)*Yket(2,-1,2,0,thetaq,wigner) - 6*q2y*q3y*Ybra(2,1,2,0,thetapp,phipp,thetaqp,phiqp,wigner)*Yket(2,-1,2,0,thetaq,wigner) + 8*q2x*q3x*Ybra(2,0,2,0,thetapp,phipp,thetaqp,phiqp,wigner)*Yket(2,0,2,0,thetaq,wigner) + 8*q2y*q3y*Ybra(2,0,2,0,thetapp,phipp,thetaqp,phiqp,wigner)*Yket(2,0,2,0,thetaq,wigner) - 4*q2z*q3z*Ybra(2,0,2,0,thetapp,phipp,thetaqp,phiqp,wigner)*Yket(2,0,2,0,thetaq,wigner) + Sqrt(6)*q2z*q3x*Ybra(2,1,2,0,thetapp,phipp,thetaqp,phiqp,wigner)*Yket(2,0,2,0,thetaq,wigner) + Complex(0,1)*Sqrt(6)*q2z*q3y*Ybra(2,1,2,0,thetapp,phipp,thetaqp,phiqp,wigner)*Yket(2,0,2,0,thetaq,wigner) + Sqrt(6)*q2x*q3z*Ybra(2,1,2,0,thetapp,phipp,thetaqp,phiqp,wigner)*Yket(2,0,2,0,thetaq,wigner) + Complex(0,1)*Sqrt(6)*q2y*q3z*Ybra(2,1,2,0,thetapp,phipp,thetaqp,phiqp,wigner)*Yket(2,0,2,0,thetaq,wigner) + 2*Sqrt(6)*q2x*q3x*Ybra(2,2,2,0,thetapp,phipp,thetaqp,phiqp,wigner)*Yket(2,0,2,0,thetaq,wigner) + Complex(0,2)*Sqrt(6)*q2y*q3x*Ybra(2,2,2,0,thetapp,phipp,thetaqp,phiqp,wigner)*Yket(2,0,2,0,thetaq,wigner) + Complex(0,2)*Sqrt(6)*q2x*q3y*Ybra(2,2,2,0,thetapp,phipp,thetaqp,phiqp,wigner)*Yket(2,0,2,0,thetaq,wigner) - 2*Sqrt(6)*q2y*q3y*Ybra(2,2,2,0,thetapp,phipp,thetaqp,phiqp,wigner)*Yket(2,0,2,0,thetaq,wigner) + 2*Ybra(2,-2,2,0,thetapp,phipp,thetaqp,phiqp,wigner)*(6*q2z*q3z*Yket(2,-2,2,0,thetaq,wigner) - 3*(q2z*(q3x - Complex(0,1)*q3y) + (q2x - Complex(0,1)*q2y)*q3z)*Yket(2,-1,2,0,thetaq,wigner) + Sqrt(6)*(q2x - Complex(0,1)*q2y)*(q3x - Complex(0,1)*q3y)*Yket(2,0,2,0,thetaq,wigner)) + Sqrt(6)*q2z*q3x*Ybra(2,0,2,0,thetapp,phipp,thetaqp,phiqp,wigner)*Yket(2,1,2,0,thetaq,wigner) - Complex(0,1)*Sqrt(6)*q2z*q3y*Ybra(2,0,2,0,thetapp,phipp,thetaqp,phiqp,wigner)*Yket(2,1,2,0,thetaq,wigner) + Sqrt(6)*q2x*q3z*Ybra(2,0,2,0,thetapp,phipp,thetaqp,phiqp,wigner)*Yket(2,1,2,0,thetaq,wigner) - Complex(0,1)*Sqrt(6)*q2y*q3z*Ybra(2,0,2,0,thetapp,phipp,thetaqp,phiqp,wigner)*Yket(2,1,2,0,thetaq,wigner) + 6*q2x*q3x*Ybra(2,1,2,0,thetapp,phipp,thetaqp,phiqp,wigner)*Yket(2,1,2,0,thetaq,wigner) + 6*q2y*q3y*Ybra(2,1,2,0,thetapp,phipp,thetaqp,phiqp,wigner)*Yket(2,1,2,0,thetaq,wigner) + 6*q2z*q3x*Ybra(2,2,2,0,thetapp,phipp,thetaqp,phiqp,wigner)*Yket(2,1,2,0,thetaq,wigner) + Complex(0,6)*q2z*q3y*Ybra(2,2,2,0,thetapp,phipp,thetaqp,phiqp,wigner)*Yket(2,1,2,0,thetaq,wigner) + 6*q2x*q3z*Ybra(2,2,2,0,thetapp,phipp,thetaqp,phiqp,wigner)*Yket(2,1,2,0,thetaq,wigner) + Complex(0,6)*q2y*q3z*Ybra(2,2,2,0,thetapp,phipp,thetaqp,phiqp,wigner)*Yket(2,1,2,0,thetaq,wigner) - Ybra(2,-1,2,0,thetapp,phipp,thetaqp,phiqp,wigner)*(6*(q2z*(q3x + Complex(0,1)*q3y) + (q2x + Complex(0,1)*q2y)*q3z)*Yket(2,-2,2,0,thetaq,wigner) - 6*(q2x*q3x + q2y*q3y)*Yket(2,-1,2,0,thetaq,wigner) + Sqrt(6)*q2z*q3x*Yket(2,0,2,0,thetaq,wigner) - Complex(0,1)*Sqrt(6)*q2z*q3y*Yket(2,0,2,0,thetaq,wigner) + Sqrt(6)*q2x*q3z*Yket(2,0,2,0,thetaq,wigner) - Complex(0,1)*Sqrt(6)*q2y*q3z*Yket(2,0,2,0,thetaq,wigner) - 6*q2x*q3x*Yket(2,1,2,0,thetaq,wigner) + Complex(0,6)*q2y*q3x*Yket(2,1,2,0,thetaq,wigner) + Complex(0,6)*q2x*q3y*Yket(2,1,2,0,thetaq,wigner) + 6*q2y*q3y*Yket(2,1,2,0,thetaq,wigner)) + 2*Sqrt(6)*q2x*q3x*Ybra(2,0,2,0,thetapp,phipp,thetaqp,phiqp,wigner)*Yket(2,2,2,0,thetaq,wigner) - Complex(0,2)*Sqrt(6)*q2y*q3x*Ybra(2,0,2,0,thetapp,phipp,thetaqp,phiqp,wigner)*Yket(2,2,2,0,thetaq,wigner) - Complex(0,2)*Sqrt(6)*q2x*q3y*Ybra(2,0,2,0,thetapp,phipp,thetaqp,phiqp,wigner)*Yket(2,2,2,0,thetaq,wigner) - 2*Sqrt(6)*q2y*q3y*Ybra(2,0,2,0,thetapp,phipp,thetaqp,phiqp,wigner)*Yket(2,2,2,0,thetaq,wigner) + 6*q2z*q3x*Ybra(2,1,2,0,thetapp,phipp,thetaqp,phiqp,wigner)*Yket(2,2,2,0,thetaq,wigner) - Complex(0,6)*q2z*q3y*Ybra(2,1,2,0,thetapp,phipp,thetaqp,phiqp,wigner)*Yket(2,2,2,0,thetaq,wigner) + 6*q2x*q3z*Ybra(2,1,2,0,thetapp,phipp,thetaqp,phiqp,wigner)*Yket(2,2,2,0,thetaq,wigner) - Complex(0,6)*q2y*q3z*Ybra(2,1,2,0,thetapp,phipp,thetaqp,phiqp,wigner)*Yket(2,2,2,0,thetaq,wigner) + 12*q2z*q3z*Ybra(2,2,2,0,thetapp,phipp,thetaqp,phiqp,wigner)*Yket(2,2,2,0,thetaq,wigner)));
    return mtx;
}
else if (idxbra==15 && idxket==16)
{
    mtx = -0.05*(Ftpe1*(2*Sqrt(6)*q2x*q3x*Ybra(2,0,2,0,thetapp,phipp,thetaqp,phiqp,wigner)*Yket(2,-2,2,2,thetaq,wigner) + Complex(0,2)*Sqrt(6)*q2y*q3x*Ybra(2,0,2,0,thetapp,phipp,thetaqp,phiqp,wigner)*Yket(2,-2,2,2,thetaq,wigner) + Complex(0,2)*Sqrt(6)*q2x*q3y*Ybra(2,0,2,0,thetapp,phipp,thetaqp,phiqp,wigner)*Yket(2,-2,2,2,thetaq,wigner) - 2*Sqrt(6)*q2y*q3y*Ybra(2,0,2,0,thetapp,phipp,thetaqp,phiqp,wigner)*Yket(2,-2,2,2,thetaq,wigner) - Sqrt(6)*q2z*q3x*Ybra(2,0,2,0,thetapp,phipp,thetaqp,phiqp,wigner)*Yket(2,-1,2,2,thetaq,wigner) - Complex(0,1)*Sqrt(6)*q2z*q3y*Ybra(2,0,2,0,thetapp,phipp,thetaqp,phiqp,wigner)*Yket(2,-1,2,2,thetaq,wigner) - Sqrt(6)*q2x*q3z*Ybra(2,0,2,0,thetapp,phipp,thetaqp,phiqp,wigner)*Yket(2,-1,2,2,thetaq,wigner) - Complex(0,1)*Sqrt(6)*q2y*q3z*Ybra(2,0,2,0,thetapp,phipp,thetaqp,phiqp,wigner)*Yket(2,-1,2,2,thetaq,wigner) + 6*q2x*q3x*Ybra(2,1,2,0,thetapp,phipp,thetaqp,phiqp,wigner)*Yket(2,-1,2,2,thetaq,wigner) + Complex(0,6)*q2y*q3x*Ybra(2,1,2,0,thetapp,phipp,thetaqp,phiqp,wigner)*Yket(2,-1,2,2,thetaq,wigner) + Complex(0,6)*q2x*q3y*Ybra(2,1,2,0,thetapp,phipp,thetaqp,phiqp,wigner)*Yket(2,-1,2,2,thetaq,wigner) - 6*q2y*q3y*Ybra(2,1,2,0,thetapp,phipp,thetaqp,phiqp,wigner)*Yket(2,-1,2,2,thetaq,wigner) + 8*q2x*q3x*Ybra(2,0,2,0,thetapp,phipp,thetaqp,phiqp,wigner)*Yket(2,0,2,2,thetaq,wigner) + 8*q2y*q3y*Ybra(2,0,2,0,thetapp,phipp,thetaqp,phiqp,wigner)*Yket(2,0,2,2,thetaq,wigner) - 4*q2z*q3z*Ybra(2,0,2,0,thetapp,phipp,thetaqp,phiqp,wigner)*Yket(2,0,2,2,thetaq,wigner) + Sqrt(6)*q2z*q3x*Ybra(2,1,2,0,thetapp,phipp,thetaqp,phiqp,wigner)*Yket(2,0,2,2,thetaq,wigner) + Complex(0,1)*Sqrt(6)*q2z*q3y*Ybra(2,1,2,0,thetapp,phipp,thetaqp,phiqp,wigner)*Yket(2,0,2,2,thetaq,wigner) + Sqrt(6)*q2x*q3z*Ybra(2,1,2,0,thetapp,phipp,thetaqp,phiqp,wigner)*Yket(2,0,2,2,thetaq,wigner) + Complex(0,1)*Sqrt(6)*q2y*q3z*Ybra(2,1,2,0,thetapp,phipp,thetaqp,phiqp,wigner)*Yket(2,0,2,2,thetaq,wigner) + 2*Sqrt(6)*q2x*q3x*Ybra(2,2,2,0,thetapp,phipp,thetaqp,phiqp,wigner)*Yket(2,0,2,2,thetaq,wigner) + Complex(0,2)*Sqrt(6)*q2y*q3x*Ybra(2,2,2,0,thetapp,phipp,thetaqp,phiqp,wigner)*Yket(2,0,2,2,thetaq,wigner) + Complex(0,2)*Sqrt(6)*q2x*q3y*Ybra(2,2,2,0,thetapp,phipp,thetaqp,phiqp,wigner)*Yket(2,0,2,2,thetaq,wigner) - 2*Sqrt(6)*q2y*q3y*Ybra(2,2,2,0,thetapp,phipp,thetaqp,phiqp,wigner)*Yket(2,0,2,2,thetaq,wigner) + 2*Ybra(2,-2,2,0,thetapp,phipp,thetaqp,phiqp,wigner)*(6*q2z*q3z*Yket(2,-2,2,2,thetaq,wigner) - 3*(q2z*(q3x - Complex(0,1)*q3y) + (q2x - Complex(0,1)*q2y)*q3z)*Yket(2,-1,2,2,thetaq,wigner) + Sqrt(6)*(q2x - Complex(0,1)*q2y)*(q3x - Complex(0,1)*q3y)*Yket(2,0,2,2,thetaq,wigner)) + Sqrt(6)*q2z*q3x*Ybra(2,0,2,0,thetapp,phipp,thetaqp,phiqp,wigner)*Yket(2,1,2,2,thetaq,wigner) - Complex(0,1)*Sqrt(6)*q2z*q3y*Ybra(2,0,2,0,thetapp,phipp,thetaqp,phiqp,wigner)*Yket(2,1,2,2,thetaq,wigner) + Sqrt(6)*q2x*q3z*Ybra(2,0,2,0,thetapp,phipp,thetaqp,phiqp,wigner)*Yket(2,1,2,2,thetaq,wigner) - Complex(0,1)*Sqrt(6)*q2y*q3z*Ybra(2,0,2,0,thetapp,phipp,thetaqp,phiqp,wigner)*Yket(2,1,2,2,thetaq,wigner) + 6*q2x*q3x*Ybra(2,1,2,0,thetapp,phipp,thetaqp,phiqp,wigner)*Yket(2,1,2,2,thetaq,wigner) + 6*q2y*q3y*Ybra(2,1,2,0,thetapp,phipp,thetaqp,phiqp,wigner)*Yket(2,1,2,2,thetaq,wigner) + 6*q2z*q3x*Ybra(2,2,2,0,thetapp,phipp,thetaqp,phiqp,wigner)*Yket(2,1,2,2,thetaq,wigner) + Complex(0,6)*q2z*q3y*Ybra(2,2,2,0,thetapp,phipp,thetaqp,phiqp,wigner)*Yket(2,1,2,2,thetaq,wigner) + 6*q2x*q3z*Ybra(2,2,2,0,thetapp,phipp,thetaqp,phiqp,wigner)*Yket(2,1,2,2,thetaq,wigner) + Complex(0,6)*q2y*q3z*Ybra(2,2,2,0,thetapp,phipp,thetaqp,phiqp,wigner)*Yket(2,1,2,2,thetaq,wigner) - Ybra(2,-1,2,0,thetapp,phipp,thetaqp,phiqp,wigner)*(6*(q2z*(q3x + Complex(0,1)*q3y) + (q2x + Complex(0,1)*q2y)*q3z)*Yket(2,-2,2,2,thetaq,wigner) - 6*(q2x*q3x + q2y*q3y)*Yket(2,-1,2,2,thetaq,wigner) + Sqrt(6)*q2z*q3x*Yket(2,0,2,2,thetaq,wigner) - Complex(0,1)*Sqrt(6)*q2z*q3y*Yket(2,0,2,2,thetaq,wigner) + Sqrt(6)*q2x*q3z*Yket(2,0,2,2,thetaq,wigner) - Complex(0,1)*Sqrt(6)*q2y*q3z*Yket(2,0,2,2,thetaq,wigner) - 6*q2x*q3x*Yket(2,1,2,2,thetaq,wigner) + Complex(0,6)*q2y*q3x*Yket(2,1,2,2,thetaq,wigner) + Complex(0,6)*q2x*q3y*Yket(2,1,2,2,thetaq,wigner) + 6*q2y*q3y*Yket(2,1,2,2,thetaq,wigner)) + 2*Sqrt(6)*q2x*q3x*Ybra(2,0,2,0,thetapp,phipp,thetaqp,phiqp,wigner)*Yket(2,2,2,2,thetaq,wigner) - Complex(0,2)*Sqrt(6)*q2y*q3x*Ybra(2,0,2,0,thetapp,phipp,thetaqp,phiqp,wigner)*Yket(2,2,2,2,thetaq,wigner) - Complex(0,2)*Sqrt(6)*q2x*q3y*Ybra(2,0,2,0,thetapp,phipp,thetaqp,phiqp,wigner)*Yket(2,2,2,2,thetaq,wigner) - 2*Sqrt(6)*q2y*q3y*Ybra(2,0,2,0,thetapp,phipp,thetaqp,phiqp,wigner)*Yket(2,2,2,2,thetaq,wigner) + 6*q2z*q3x*Ybra(2,1,2,0,thetapp,phipp,thetaqp,phiqp,wigner)*Yket(2,2,2,2,thetaq,wigner) - Complex(0,6)*q2z*q3y*Ybra(2,1,2,0,thetapp,phipp,thetaqp,phiqp,wigner)*Yket(2,2,2,2,thetaq,wigner) + 6*q2x*q3z*Ybra(2,1,2,0,thetapp,phipp,thetaqp,phiqp,wigner)*Yket(2,2,2,2,thetaq,wigner) - Complex(0,6)*q2y*q3z*Ybra(2,1,2,0,thetapp,phipp,thetaqp,phiqp,wigner)*Yket(2,2,2,2,thetaq,wigner) + 12*q2z*q3z*Ybra(2,2,2,0,thetapp,phipp,thetaqp,phiqp,wigner)*Yket(2,2,2,2,thetaq,wigner)));
    return mtx;
}
else if (idxbra==16 && idxket==1)
{
    mtx = 0;
    return mtx;
}
else if (idxbra==16 && idxket==2)
{
    mtx = (Ftpe1*(Sqrt(3)*(q2x - Complex(0,1)*q2y)*(q3x - Complex(0,1)*q3y)*Ybra(2,-2,2,2,thetapp,phipp,thetaqp,phiqp,wigner) + Sqrt(3)*(q2z*q3x - Complex(0,1)*q2z*q3y + q2x*q3z - Complex(0,1)*q2y*q3z)*Ybra(2,-1,2,2,thetapp,phipp,thetaqp,phiqp,wigner) - Sqrt(2)*q2x*q3x*Ybra(2,0,2,2,thetapp,phipp,thetaqp,phiqp,wigner) - Sqrt(2)*q2y*q3y*Ybra(2,0,2,2,thetapp,phipp,thetaqp,phiqp,wigner) + 2*Sqrt(2)*q2z*q3z*Ybra(2,0,2,2,thetapp,phipp,thetaqp,phiqp,wigner) - Sqrt(3)*q2z*q3x*Ybra(2,1,2,2,thetapp,phipp,thetaqp,phiqp,wigner) - Complex(0,1)*Sqrt(3)*q2z*q3y*Ybra(2,1,2,2,thetapp,phipp,thetaqp,phiqp,wigner) - Sqrt(3)*q2x*q3z*Ybra(2,1,2,2,thetapp,phipp,thetaqp,phiqp,wigner) - Complex(0,1)*Sqrt(3)*q2y*q3z*Ybra(2,1,2,2,thetapp,phipp,thetaqp,phiqp,wigner) + Sqrt(3)*q2x*q3x*Ybra(2,2,2,2,thetapp,phipp,thetaqp,phiqp,wigner) + Complex(0,1)*Sqrt(3)*q2y*q3x*Ybra(2,2,2,2,thetapp,phipp,thetaqp,phiqp,wigner) + Complex(0,1)*Sqrt(3)*q2x*q3y*Ybra(2,2,2,2,thetapp,phipp,thetaqp,phiqp,wigner) - Sqrt(3)*q2y*q3y*Ybra(2,2,2,2,thetapp,phipp,thetaqp,phiqp,wigner))*Yket(0,0,0,0,thetaq,wigner))/Sqrt(5);
    return mtx;
}
else if (idxbra==16 && idxket==3)
{
    mtx = -0.05*(Ftpe1*(2*Sqrt(6)*q2x*q3x*Ybra(2,0,2,2,thetapp,phipp,thetaqp,phiqp,wigner)*Yket(2,-2,0,2,thetaq,wigner) + Complex(0,2)*Sqrt(6)*q2y*q3x*Ybra(2,0,2,2,thetapp,phipp,thetaqp,phiqp,wigner)*Yket(2,-2,0,2,thetaq,wigner) + Complex(0,2)*Sqrt(6)*q2x*q3y*Ybra(2,0,2,2,thetapp,phipp,thetaqp,phiqp,wigner)*Yket(2,-2,0,2,thetaq,wigner) - 2*Sqrt(6)*q2y*q3y*Ybra(2,0,2,2,thetapp,phipp,thetaqp,phiqp,wigner)*Yket(2,-2,0,2,thetaq,wigner) - Sqrt(6)*q2z*q3x*Ybra(2,0,2,2,thetapp,phipp,thetaqp,phiqp,wigner)*Yket(2,-1,0,2,thetaq,wigner) - Complex(0,1)*Sqrt(6)*q2z*q3y*Ybra(2,0,2,2,thetapp,phipp,thetaqp,phiqp,wigner)*Yket(2,-1,0,2,thetaq,wigner) - Sqrt(6)*q2x*q3z*Ybra(2,0,2,2,thetapp,phipp,thetaqp,phiqp,wigner)*Yket(2,-1,0,2,thetaq,wigner) - Complex(0,1)*Sqrt(6)*q2y*q3z*Ybra(2,0,2,2,thetapp,phipp,thetaqp,phiqp,wigner)*Yket(2,-1,0,2,thetaq,wigner) + 6*q2x*q3x*Ybra(2,1,2,2,thetapp,phipp,thetaqp,phiqp,wigner)*Yket(2,-1,0,2,thetaq,wigner) + Complex(0,6)*q2y*q3x*Ybra(2,1,2,2,thetapp,phipp,thetaqp,phiqp,wigner)*Yket(2,-1,0,2,thetaq,wigner) + Complex(0,6)*q2x*q3y*Ybra(2,1,2,2,thetapp,phipp,thetaqp,phiqp,wigner)*Yket(2,-1,0,2,thetaq,wigner) - 6*q2y*q3y*Ybra(2,1,2,2,thetapp,phipp,thetaqp,phiqp,wigner)*Yket(2,-1,0,2,thetaq,wigner) + 8*q2x*q3x*Ybra(2,0,2,2,thetapp,phipp,thetaqp,phiqp,wigner)*Yket(2,0,0,2,thetaq,wigner) + 8*q2y*q3y*Ybra(2,0,2,2,thetapp,phipp,thetaqp,phiqp,wigner)*Yket(2,0,0,2,thetaq,wigner) - 4*q2z*q3z*Ybra(2,0,2,2,thetapp,phipp,thetaqp,phiqp,wigner)*Yket(2,0,0,2,thetaq,wigner) + Sqrt(6)*q2z*q3x*Ybra(2,1,2,2,thetapp,phipp,thetaqp,phiqp,wigner)*Yket(2,0,0,2,thetaq,wigner) + Complex(0,1)*Sqrt(6)*q2z*q3y*Ybra(2,1,2,2,thetapp,phipp,thetaqp,phiqp,wigner)*Yket(2,0,0,2,thetaq,wigner) + Sqrt(6)*q2x*q3z*Ybra(2,1,2,2,thetapp,phipp,thetaqp,phiqp,wigner)*Yket(2,0,0,2,thetaq,wigner) + Complex(0,1)*Sqrt(6)*q2y*q3z*Ybra(2,1,2,2,thetapp,phipp,thetaqp,phiqp,wigner)*Yket(2,0,0,2,thetaq,wigner) + 2*Sqrt(6)*q2x*q3x*Ybra(2,2,2,2,thetapp,phipp,thetaqp,phiqp,wigner)*Yket(2,0,0,2,thetaq,wigner) + Complex(0,2)*Sqrt(6)*q2y*q3x*Ybra(2,2,2,2,thetapp,phipp,thetaqp,phiqp,wigner)*Yket(2,0,0,2,thetaq,wigner) + Complex(0,2)*Sqrt(6)*q2x*q3y*Ybra(2,2,2,2,thetapp,phipp,thetaqp,phiqp,wigner)*Yket(2,0,0,2,thetaq,wigner) - 2*Sqrt(6)*q2y*q3y*Ybra(2,2,2,2,thetapp,phipp,thetaqp,phiqp,wigner)*Yket(2,0,0,2,thetaq,wigner) + 2*Ybra(2,-2,2,2,thetapp,phipp,thetaqp,phiqp,wigner)*(6*q2z*q3z*Yket(2,-2,0,2,thetaq,wigner) - 3*(q2z*(q3x - Complex(0,1)*q3y) + (q2x - Complex(0,1)*q2y)*q3z)*Yket(2,-1,0,2,thetaq,wigner) + Sqrt(6)*(q2x - Complex(0,1)*q2y)*(q3x - Complex(0,1)*q3y)*Yket(2,0,0,2,thetaq,wigner)) + Sqrt(6)*q2z*q3x*Ybra(2,0,2,2,thetapp,phipp,thetaqp,phiqp,wigner)*Yket(2,1,0,2,thetaq,wigner) - Complex(0,1)*Sqrt(6)*q2z*q3y*Ybra(2,0,2,2,thetapp,phipp,thetaqp,phiqp,wigner)*Yket(2,1,0,2,thetaq,wigner) + Sqrt(6)*q2x*q3z*Ybra(2,0,2,2,thetapp,phipp,thetaqp,phiqp,wigner)*Yket(2,1,0,2,thetaq,wigner) - Complex(0,1)*Sqrt(6)*q2y*q3z*Ybra(2,0,2,2,thetapp,phipp,thetaqp,phiqp,wigner)*Yket(2,1,0,2,thetaq,wigner) + 6*q2x*q3x*Ybra(2,1,2,2,thetapp,phipp,thetaqp,phiqp,wigner)*Yket(2,1,0,2,thetaq,wigner) + 6*q2y*q3y*Ybra(2,1,2,2,thetapp,phipp,thetaqp,phiqp,wigner)*Yket(2,1,0,2,thetaq,wigner) + 6*q2z*q3x*Ybra(2,2,2,2,thetapp,phipp,thetaqp,phiqp,wigner)*Yket(2,1,0,2,thetaq,wigner) + Complex(0,6)*q2z*q3y*Ybra(2,2,2,2,thetapp,phipp,thetaqp,phiqp,wigner)*Yket(2,1,0,2,thetaq,wigner) + 6*q2x*q3z*Ybra(2,2,2,2,thetapp,phipp,thetaqp,phiqp,wigner)*Yket(2,1,0,2,thetaq,wigner) + Complex(0,6)*q2y*q3z*Ybra(2,2,2,2,thetapp,phipp,thetaqp,phiqp,wigner)*Yket(2,1,0,2,thetaq,wigner) - Ybra(2,-1,2,2,thetapp,phipp,thetaqp,phiqp,wigner)*(6*(q2z*(q3x + Complex(0,1)*q3y) + (q2x + Complex(0,1)*q2y)*q3z)*Yket(2,-2,0,2,thetaq,wigner) - 6*(q2x*q3x + q2y*q3y)*Yket(2,-1,0,2,thetaq,wigner) + Sqrt(6)*q2z*q3x*Yket(2,0,0,2,thetaq,wigner) - Complex(0,1)*Sqrt(6)*q2z*q3y*Yket(2,0,0,2,thetaq,wigner) + Sqrt(6)*q2x*q3z*Yket(2,0,0,2,thetaq,wigner) - Complex(0,1)*Sqrt(6)*q2y*q3z*Yket(2,0,0,2,thetaq,wigner) - 6*q2x*q3x*Yket(2,1,0,2,thetaq,wigner) + Complex(0,6)*q2y*q3x*Yket(2,1,0,2,thetaq,wigner) + Complex(0,6)*q2x*q3y*Yket(2,1,0,2,thetaq,wigner) + 6*q2y*q3y*Yket(2,1,0,2,thetaq,wigner)) + 2*Sqrt(6)*q2x*q3x*Ybra(2,0,2,2,thetapp,phipp,thetaqp,phiqp,wigner)*Yket(2,2,0,2,thetaq,wigner) - Complex(0,2)*Sqrt(6)*q2y*q3x*Ybra(2,0,2,2,thetapp,phipp,thetaqp,phiqp,wigner)*Yket(2,2,0,2,thetaq,wigner) - Complex(0,2)*Sqrt(6)*q2x*q3y*Ybra(2,0,2,2,thetapp,phipp,thetaqp,phiqp,wigner)*Yket(2,2,0,2,thetaq,wigner) - 2*Sqrt(6)*q2y*q3y*Ybra(2,0,2,2,thetapp,phipp,thetaqp,phiqp,wigner)*Yket(2,2,0,2,thetaq,wigner) + 6*q2z*q3x*Ybra(2,1,2,2,thetapp,phipp,thetaqp,phiqp,wigner)*Yket(2,2,0,2,thetaq,wigner) - Complex(0,6)*q2z*q3y*Ybra(2,1,2,2,thetapp,phipp,thetaqp,phiqp,wigner)*Yket(2,2,0,2,thetaq,wigner) + 6*q2x*q3z*Ybra(2,1,2,2,thetapp,phipp,thetaqp,phiqp,wigner)*Yket(2,2,0,2,thetaq,wigner) - Complex(0,6)*q2y*q3z*Ybra(2,1,2,2,thetapp,phipp,thetaqp,phiqp,wigner)*Yket(2,2,0,2,thetaq,wigner) + 12*q2z*q3z*Ybra(2,2,2,2,thetapp,phipp,thetaqp,phiqp,wigner)*Yket(2,2,0,2,thetaq,wigner)));
    return mtx;
}
else if (idxbra==16 && idxket==4)
{
    mtx = 0;
    return mtx;
}
else if (idxbra==16 && idxket==5)
{
    mtx = (Ftpe1*(2*Sqrt(3)*(-(q2z*q3x) + Complex(0,1)*q2z*q3y + q2x*q3z - Complex(0,1)*q2y*q3z)*Ybra(2,-2,2,2,thetapp,phipp,thetaqp,phiqp,wigner)*Yket(1,-1,1,1,thetaq,wigner) - Sqrt(2)*q2z*q3x*Ybra(2,0,2,2,thetapp,phipp,thetaqp,phiqp,wigner)*Yket(1,-1,1,1,thetaq,wigner) - Complex(0,1)*Sqrt(2)*q2z*q3y*Ybra(2,0,2,2,thetapp,phipp,thetaqp,phiqp,wigner)*Yket(1,-1,1,1,thetaq,wigner) + Sqrt(2)*q2x*q3z*Ybra(2,0,2,2,thetapp,phipp,thetaqp,phiqp,wigner)*Yket(1,-1,1,1,thetaq,wigner) + Complex(0,1)*Sqrt(2)*q2y*q3z*Ybra(2,0,2,2,thetapp,phipp,thetaqp,phiqp,wigner)*Yket(1,-1,1,1,thetaq,wigner) + Complex(0,4)*q2y*q3x*Ybra(2,0,2,2,thetapp,phipp,thetaqp,phiqp,wigner)*Yket(1,0,1,1,thetaq,wigner) - Complex(0,4)*q2x*q3y*Ybra(2,0,2,2,thetapp,phipp,thetaqp,phiqp,wigner)*Yket(1,0,1,1,thetaq,wigner) - Sqrt(6)*q2z*q3x*Ybra(2,1,2,2,thetapp,phipp,thetaqp,phiqp,wigner)*Yket(1,0,1,1,thetaq,wigner) - Complex(0,1)*Sqrt(6)*q2z*q3y*Ybra(2,1,2,2,thetapp,phipp,thetaqp,phiqp,wigner)*Yket(1,0,1,1,thetaq,wigner) + Sqrt(6)*q2x*q3z*Ybra(2,1,2,2,thetapp,phipp,thetaqp,phiqp,wigner)*Yket(1,0,1,1,thetaq,wigner) + Complex(0,1)*Sqrt(6)*q2y*q3z*Ybra(2,1,2,2,thetapp,phipp,thetaqp,phiqp,wigner)*Yket(1,0,1,1,thetaq,wigner) + Sqrt(3)*Ybra(2,-1,2,2,thetapp,phipp,thetaqp,phiqp,wigner)*(Complex(0,2)*(q2y*q3x - q2x*q3y)*Yket(1,-1,1,1,thetaq,wigner) + Sqrt(2)*(-(q2z*q3x) + Complex(0,1)*q2z*q3y + q2x*q3z - Complex(0,1)*q2y*q3z)*Yket(1,0,1,1,thetaq,wigner)) - Sqrt(2)*q2z*q3x*Ybra(2,0,2,2,thetapp,phipp,thetaqp,phiqp,wigner)*Yket(1,1,1,1,thetaq,wigner) + Complex(0,1)*Sqrt(2)*q2z*q3y*Ybra(2,0,2,2,thetapp,phipp,thetaqp,phiqp,wigner)*Yket(1,1,1,1,thetaq,wigner) + Sqrt(2)*q2x*q3z*Ybra(2,0,2,2,thetapp,phipp,thetaqp,phiqp,wigner)*Yket(1,1,1,1,thetaq,wigner) - Complex(0,1)*Sqrt(2)*q2y*q3z*Ybra(2,0,2,2,thetapp,phipp,thetaqp,phiqp,wigner)*Yket(1,1,1,1,thetaq,wigner) + Complex(0,2)*Sqrt(3)*q2y*q3x*Ybra(2,1,2,2,thetapp,phipp,thetaqp,phiqp,wigner)*Yket(1,1,1,1,thetaq,wigner) - Complex(0,2)*Sqrt(3)*q2x*q3y*Ybra(2,1,2,2,thetapp,phipp,thetaqp,phiqp,wigner)*Yket(1,1,1,1,thetaq,wigner) - 2*Sqrt(3)*q2z*q3x*Ybra(2,2,2,2,thetapp,phipp,thetaqp,phiqp,wigner)*Yket(1,1,1,1,thetaq,wigner) - Complex(0,2)*Sqrt(3)*q2z*q3y*Ybra(2,2,2,2,thetapp,phipp,thetaqp,phiqp,wigner)*Yket(1,1,1,1,thetaq,wigner) + 2*Sqrt(3)*q2x*q3z*Ybra(2,2,2,2,thetapp,phipp,thetaqp,phiqp,wigner)*Yket(1,1,1,1,thetaq,wigner) + Complex(0,2)*Sqrt(3)*q2y*q3z*Ybra(2,2,2,2,thetapp,phipp,thetaqp,phiqp,wigner)*Yket(1,1,1,1,thetaq,wigner)))/(2.*Sqrt(10));
    return mtx;
}
else if (idxbra==16 && idxket==6)
{
    mtx = 0;
    return mtx;
}
else if (idxbra==16 && idxket==7)
{
    mtx = 0;
    return mtx;
}
else if (idxbra==16 && idxket==8)
{
    mtx = 0;
    return mtx;
}
else if (idxbra==16 && idxket==9)
{
    mtx = 0;
    return mtx;
}
else if (idxbra==16 && idxket==10)
{
    mtx = 0;
    return mtx;
}
else if (idxbra==16 && idxket==11)
{
    mtx = 0;
    return mtx;
}
else if (idxbra==16 && idxket==12)
{
    mtx = (Ftpe1*(Sqrt(3)*(q2x - Complex(0,1)*q2y)*(q3x - Complex(0,1)*q3y)*Ybra(2,-2,2,2,thetapp,phipp,thetaqp,phiqp,wigner) + Sqrt(3)*(q2z*q3x - Complex(0,1)*q2z*q3y + q2x*q3z - Complex(0,1)*q2y*q3z)*Ybra(2,-1,2,2,thetapp,phipp,thetaqp,phiqp,wigner) - Sqrt(2)*q2x*q3x*Ybra(2,0,2,2,thetapp,phipp,thetaqp,phiqp,wigner) - Sqrt(2)*q2y*q3y*Ybra(2,0,2,2,thetapp,phipp,thetaqp,phiqp,wigner) + 2*Sqrt(2)*q2z*q3z*Ybra(2,0,2,2,thetapp,phipp,thetaqp,phiqp,wigner) - Sqrt(3)*q2z*q3x*Ybra(2,1,2,2,thetapp,phipp,thetaqp,phiqp,wigner) - Complex(0,1)*Sqrt(3)*q2z*q3y*Ybra(2,1,2,2,thetapp,phipp,thetaqp,phiqp,wigner) - Sqrt(3)*q2x*q3z*Ybra(2,1,2,2,thetapp,phipp,thetaqp,phiqp,wigner) - Complex(0,1)*Sqrt(3)*q2y*q3z*Ybra(2,1,2,2,thetapp,phipp,thetaqp,phiqp,wigner) + Sqrt(3)*q2x*q3x*Ybra(2,2,2,2,thetapp,phipp,thetaqp,phiqp,wigner) + Complex(0,1)*Sqrt(3)*q2y*q3x*Ybra(2,2,2,2,thetapp,phipp,thetaqp,phiqp,wigner) + Complex(0,1)*Sqrt(3)*q2x*q3y*Ybra(2,2,2,2,thetapp,phipp,thetaqp,phiqp,wigner) - Sqrt(3)*q2y*q3y*Ybra(2,2,2,2,thetapp,phipp,thetaqp,phiqp,wigner))*Yket(0,0,2,2,thetaq,wigner))/Sqrt(5);
    return mtx;
}
else if (idxbra==16 && idxket==13)
{
    mtx = (Ftpe1*(Sqrt(3)*q2z*q3x*Ybra(2,0,2,2,thetapp,phipp,thetaqp,phiqp,wigner)*Yket(1,-1,2,2,thetaq,wigner) + Complex(0,1)*Sqrt(3)*q2z*q3y*Ybra(2,0,2,2,thetapp,phipp,thetaqp,phiqp,wigner)*Yket(1,-1,2,2,thetaq,wigner) + Sqrt(3)*q2x*q3z*Ybra(2,0,2,2,thetapp,phipp,thetaqp,phiqp,wigner)*Yket(1,-1,2,2,thetaq,wigner) + Complex(0,1)*Sqrt(3)*q2y*q3z*Ybra(2,0,2,2,thetapp,phipp,thetaqp,phiqp,wigner)*Yket(1,-1,2,2,thetaq,wigner) - Sqrt(2)*q2x*q3x*Ybra(2,1,2,2,thetapp,phipp,thetaqp,phiqp,wigner)*Yket(1,-1,2,2,thetaq,wigner) - Complex(0,1)*Sqrt(2)*q2y*q3x*Ybra(2,1,2,2,thetapp,phipp,thetaqp,phiqp,wigner)*Yket(1,-1,2,2,thetaq,wigner) - Complex(0,1)*Sqrt(2)*q2x*q3y*Ybra(2,1,2,2,thetapp,phipp,thetaqp,phiqp,wigner)*Yket(1,-1,2,2,thetaq,wigner) + Sqrt(2)*q2y*q3y*Ybra(2,1,2,2,thetapp,phipp,thetaqp,phiqp,wigner)*Yket(1,-1,2,2,thetaq,wigner) + q2z*q3x*Ybra(2,1,2,2,thetapp,phipp,thetaqp,phiqp,wigner)*Yket(1,0,2,2,thetaq,wigner) + Complex(0,1)*q2z*q3y*Ybra(2,1,2,2,thetapp,phipp,thetaqp,phiqp,wigner)*Yket(1,0,2,2,thetaq,wigner) + q2x*q3z*Ybra(2,1,2,2,thetapp,phipp,thetaqp,phiqp,wigner)*Yket(1,0,2,2,thetaq,wigner) + Complex(0,1)*q2y*q3z*Ybra(2,1,2,2,thetapp,phipp,thetaqp,phiqp,wigner)*Yket(1,0,2,2,thetaq,wigner) - 2*q2x*q3x*Ybra(2,2,2,2,thetapp,phipp,thetaqp,phiqp,wigner)*Yket(1,0,2,2,thetaq,wigner) - Complex(0,2)*q2y*q3x*Ybra(2,2,2,2,thetapp,phipp,thetaqp,phiqp,wigner)*Yket(1,0,2,2,thetaq,wigner) - Complex(0,2)*q2x*q3y*Ybra(2,2,2,2,thetapp,phipp,thetaqp,phiqp,wigner)*Yket(1,0,2,2,thetaq,wigner) + 2*q2y*q3y*Ybra(2,2,2,2,thetapp,phipp,thetaqp,phiqp,wigner)*Yket(1,0,2,2,thetaq,wigner) - Ybra(2,-2,2,2,thetapp,phipp,thetaqp,phiqp,wigner)*(Sqrt(2)*(q2z*(q3x - Complex(0,1)*q3y) + (q2x - Complex(0,1)*q2y)*q3z)*Yket(1,-1,2,2,thetaq,wigner) - 2*(q2x - Complex(0,1)*q2y)*(q3x - Complex(0,1)*q3y)*Yket(1,0,2,2,thetaq,wigner)) + Sqrt(3)*q2z*q3x*Ybra(2,0,2,2,thetapp,phipp,thetaqp,phiqp,wigner)*Yket(1,1,2,2,thetaq,wigner) - Complex(0,1)*Sqrt(3)*q2z*q3y*Ybra(2,0,2,2,thetapp,phipp,thetaqp,phiqp,wigner)*Yket(1,1,2,2,thetaq,wigner) + Sqrt(3)*q2x*q3z*Ybra(2,0,2,2,thetapp,phipp,thetaqp,phiqp,wigner)*Yket(1,1,2,2,thetaq,wigner) - Complex(0,1)*Sqrt(3)*q2y*q3z*Ybra(2,0,2,2,thetapp,phipp,thetaqp,phiqp,wigner)*Yket(1,1,2,2,thetaq,wigner) - Sqrt(2)*q2x*q3x*Ybra(2,1,2,2,thetapp,phipp,thetaqp,phiqp,wigner)*Yket(1,1,2,2,thetaq,wigner) - Sqrt(2)*q2y*q3y*Ybra(2,1,2,2,thetapp,phipp,thetaqp,phiqp,wigner)*Yket(1,1,2,2,thetaq,wigner) + 2*Sqrt(2)*q2z*q3z*Ybra(2,1,2,2,thetapp,phipp,thetaqp,phiqp,wigner)*Yket(1,1,2,2,thetaq,wigner) - Sqrt(2)*q2z*q3x*Ybra(2,2,2,2,thetapp,phipp,thetaqp,phiqp,wigner)*Yket(1,1,2,2,thetaq,wigner) - Complex(0,1)*Sqrt(2)*q2z*q3y*Ybra(2,2,2,2,thetapp,phipp,thetaqp,phiqp,wigner)*Yket(1,1,2,2,thetaq,wigner) - Sqrt(2)*q2x*q3z*Ybra(2,2,2,2,thetapp,phipp,thetaqp,phiqp,wigner)*Yket(1,1,2,2,thetaq,wigner) - Complex(0,1)*Sqrt(2)*q2y*q3z*Ybra(2,2,2,2,thetapp,phipp,thetaqp,phiqp,wigner)*Yket(1,1,2,2,thetaq,wigner) + Ybra(2,-1,2,2,thetapp,phipp,thetaqp,phiqp,wigner)*(Sqrt(2)*(q2x*q3x + q2y*q3y - 2*q2z*q3z)*Yket(1,-1,2,2,thetaq,wigner) + (q2z*(q3x - Complex(0,1)*q3y) + (q2x - Complex(0,1)*q2y)*q3z)*Yket(1,0,2,2,thetaq,wigner) + Sqrt(2)*(q2x - Complex(0,1)*q2y)*(q3x - Complex(0,1)*q3y)*Yket(1,1,2,2,thetaq,wigner))))/(2.*Sqrt(5));
    return mtx;
}
else if (idxbra==16 && idxket==14)
{
    mtx = -0.25*(Ftpe1*(Sqrt(6)*q2z*q3x*Ybra(2,0,2,2,thetapp,phipp,thetaqp,phiqp,wigner)*Yket(1,-1,2,2,thetaq,wigner) + Complex(0,1)*Sqrt(6)*q2z*q3y*Ybra(2,0,2,2,thetapp,phipp,thetaqp,phiqp,wigner)*Yket(1,-1,2,2,thetaq,wigner) + Sqrt(6)*q2x*q3z*Ybra(2,0,2,2,thetapp,phipp,thetaqp,phiqp,wigner)*Yket(1,-1,2,2,thetaq,wigner) + Complex(0,1)*Sqrt(6)*q2y*q3z*Ybra(2,0,2,2,thetapp,phipp,thetaqp,phiqp,wigner)*Yket(1,-1,2,2,thetaq,wigner) - 2*q2x*q3x*Ybra(2,1,2,2,thetapp,phipp,thetaqp,phiqp,wigner)*Yket(1,-1,2,2,thetaq,wigner) - Complex(0,2)*q2y*q3x*Ybra(2,1,2,2,thetapp,phipp,thetaqp,phiqp,wigner)*Yket(1,-1,2,2,thetaq,wigner) - Complex(0,2)*q2x*q3y*Ybra(2,1,2,2,thetapp,phipp,thetaqp,phiqp,wigner)*Yket(1,-1,2,2,thetaq,wigner) + 2*q2y*q3y*Ybra(2,1,2,2,thetapp,phipp,thetaqp,phiqp,wigner)*Yket(1,-1,2,2,thetaq,wigner) + Sqrt(2)*q2z*q3x*Ybra(2,1,2,2,thetapp,phipp,thetaqp,phiqp,wigner)*Yket(1,0,2,2,thetaq,wigner) + Complex(0,1)*Sqrt(2)*q2z*q3y*Ybra(2,1,2,2,thetapp,phipp,thetaqp,phiqp,wigner)*Yket(1,0,2,2,thetaq,wigner) + Sqrt(2)*q2x*q3z*Ybra(2,1,2,2,thetapp,phipp,thetaqp,phiqp,wigner)*Yket(1,0,2,2,thetaq,wigner) + Complex(0,1)*Sqrt(2)*q2y*q3z*Ybra(2,1,2,2,thetapp,phipp,thetaqp,phiqp,wigner)*Yket(1,0,2,2,thetaq,wigner) - 2*Sqrt(2)*q2x*q3x*Ybra(2,2,2,2,thetapp,phipp,thetaqp,phiqp,wigner)*Yket(1,0,2,2,thetaq,wigner) - Complex(0,2)*Sqrt(2)*q2y*q3x*Ybra(2,2,2,2,thetapp,phipp,thetaqp,phiqp,wigner)*Yket(1,0,2,2,thetaq,wigner) - Complex(0,2)*Sqrt(2)*q2x*q3y*Ybra(2,2,2,2,thetapp,phipp,thetaqp,phiqp,wigner)*Yket(1,0,2,2,thetaq,wigner) + 2*Sqrt(2)*q2y*q3y*Ybra(2,2,2,2,thetapp,phipp,thetaqp,phiqp,wigner)*Yket(1,0,2,2,thetaq,wigner) - 2*Ybra(2,-2,2,2,thetapp,phipp,thetaqp,phiqp,wigner)*((q2z*(q3x - Complex(0,1)*q3y) + (q2x - Complex(0,1)*q2y)*q3z)*Yket(1,-1,2,2,thetaq,wigner) - Sqrt(2)*(q2x - Complex(0,1)*q2y)*(q3x - Complex(0,1)*q3y)*Yket(1,0,2,2,thetaq,wigner)) + Sqrt(6)*q2z*q3x*Ybra(2,0,2,2,thetapp,phipp,thetaqp,phiqp,wigner)*Yket(1,1,2,2,thetaq,wigner) - Complex(0,1)*Sqrt(6)*q2z*q3y*Ybra(2,0,2,2,thetapp,phipp,thetaqp,phiqp,wigner)*Yket(1,1,2,2,thetaq,wigner) + Sqrt(6)*q2x*q3z*Ybra(2,0,2,2,thetapp,phipp,thetaqp,phiqp,wigner)*Yket(1,1,2,2,thetaq,wigner) - Complex(0,1)*Sqrt(6)*q2y*q3z*Ybra(2,0,2,2,thetapp,phipp,thetaqp,phiqp,wigner)*Yket(1,1,2,2,thetaq,wigner) - 2*q2x*q3x*Ybra(2,1,2,2,thetapp,phipp,thetaqp,phiqp,wigner)*Yket(1,1,2,2,thetaq,wigner) - 2*q2y*q3y*Ybra(2,1,2,2,thetapp,phipp,thetaqp,phiqp,wigner)*Yket(1,1,2,2,thetaq,wigner) + 4*q2z*q3z*Ybra(2,1,2,2,thetapp,phipp,thetaqp,phiqp,wigner)*Yket(1,1,2,2,thetaq,wigner) - 2*q2z*q3x*Ybra(2,2,2,2,thetapp,phipp,thetaqp,phiqp,wigner)*Yket(1,1,2,2,thetaq,wigner) - Complex(0,2)*q2z*q3y*Ybra(2,2,2,2,thetapp,phipp,thetaqp,phiqp,wigner)*Yket(1,1,2,2,thetaq,wigner) - 2*q2x*q3z*Ybra(2,2,2,2,thetapp,phipp,thetaqp,phiqp,wigner)*Yket(1,1,2,2,thetaq,wigner) - Complex(0,2)*q2y*q3z*Ybra(2,2,2,2,thetapp,phipp,thetaqp,phiqp,wigner)*Yket(1,1,2,2,thetaq,wigner) + Ybra(2,-1,2,2,thetapp,phipp,thetaqp,phiqp,wigner)*(2*(q2x*q3x + q2y*q3y - 2*q2z*q3z)*Yket(1,-1,2,2,thetaq,wigner) + Sqrt(2)*(q2z*q3x - Complex(0,1)*q2z*q3y + q2x*q3z - Complex(0,1)*q2y*q3z)*Yket(1,0,2,2,thetaq,wigner) + 2*(q2x - Complex(0,1)*q2y)*(q3x - Complex(0,1)*q3y)*Yket(1,1,2,2,thetaq,wigner))))/Sqrt(5);
    return mtx;
}
else if (idxbra==16 && idxket==15)
{
    mtx = -0.05*(Ftpe1*(2*Sqrt(6)*q2x*q3x*Ybra(2,0,2,2,thetapp,phipp,thetaqp,phiqp,wigner)*Yket(2,-2,2,0,thetaq,wigner) + Complex(0,2)*Sqrt(6)*q2y*q3x*Ybra(2,0,2,2,thetapp,phipp,thetaqp,phiqp,wigner)*Yket(2,-2,2,0,thetaq,wigner) + Complex(0,2)*Sqrt(6)*q2x*q3y*Ybra(2,0,2,2,thetapp,phipp,thetaqp,phiqp,wigner)*Yket(2,-2,2,0,thetaq,wigner) - 2*Sqrt(6)*q2y*q3y*Ybra(2,0,2,2,thetapp,phipp,thetaqp,phiqp,wigner)*Yket(2,-2,2,0,thetaq,wigner) - Sqrt(6)*q2z*q3x*Ybra(2,0,2,2,thetapp,phipp,thetaqp,phiqp,wigner)*Yket(2,-1,2,0,thetaq,wigner) - Complex(0,1)*Sqrt(6)*q2z*q3y*Ybra(2,0,2,2,thetapp,phipp,thetaqp,phiqp,wigner)*Yket(2,-1,2,0,thetaq,wigner) - Sqrt(6)*q2x*q3z*Ybra(2,0,2,2,thetapp,phipp,thetaqp,phiqp,wigner)*Yket(2,-1,2,0,thetaq,wigner) - Complex(0,1)*Sqrt(6)*q2y*q3z*Ybra(2,0,2,2,thetapp,phipp,thetaqp,phiqp,wigner)*Yket(2,-1,2,0,thetaq,wigner) + 6*q2x*q3x*Ybra(2,1,2,2,thetapp,phipp,thetaqp,phiqp,wigner)*Yket(2,-1,2,0,thetaq,wigner) + Complex(0,6)*q2y*q3x*Ybra(2,1,2,2,thetapp,phipp,thetaqp,phiqp,wigner)*Yket(2,-1,2,0,thetaq,wigner) + Complex(0,6)*q2x*q3y*Ybra(2,1,2,2,thetapp,phipp,thetaqp,phiqp,wigner)*Yket(2,-1,2,0,thetaq,wigner) - 6*q2y*q3y*Ybra(2,1,2,2,thetapp,phipp,thetaqp,phiqp,wigner)*Yket(2,-1,2,0,thetaq,wigner) + 8*q2x*q3x*Ybra(2,0,2,2,thetapp,phipp,thetaqp,phiqp,wigner)*Yket(2,0,2,0,thetaq,wigner) + 8*q2y*q3y*Ybra(2,0,2,2,thetapp,phipp,thetaqp,phiqp,wigner)*Yket(2,0,2,0,thetaq,wigner) - 4*q2z*q3z*Ybra(2,0,2,2,thetapp,phipp,thetaqp,phiqp,wigner)*Yket(2,0,2,0,thetaq,wigner) + Sqrt(6)*q2z*q3x*Ybra(2,1,2,2,thetapp,phipp,thetaqp,phiqp,wigner)*Yket(2,0,2,0,thetaq,wigner) + Complex(0,1)*Sqrt(6)*q2z*q3y*Ybra(2,1,2,2,thetapp,phipp,thetaqp,phiqp,wigner)*Yket(2,0,2,0,thetaq,wigner) + Sqrt(6)*q2x*q3z*Ybra(2,1,2,2,thetapp,phipp,thetaqp,phiqp,wigner)*Yket(2,0,2,0,thetaq,wigner) + Complex(0,1)*Sqrt(6)*q2y*q3z*Ybra(2,1,2,2,thetapp,phipp,thetaqp,phiqp,wigner)*Yket(2,0,2,0,thetaq,wigner) + 2*Sqrt(6)*q2x*q3x*Ybra(2,2,2,2,thetapp,phipp,thetaqp,phiqp,wigner)*Yket(2,0,2,0,thetaq,wigner) + Complex(0,2)*Sqrt(6)*q2y*q3x*Ybra(2,2,2,2,thetapp,phipp,thetaqp,phiqp,wigner)*Yket(2,0,2,0,thetaq,wigner) + Complex(0,2)*Sqrt(6)*q2x*q3y*Ybra(2,2,2,2,thetapp,phipp,thetaqp,phiqp,wigner)*Yket(2,0,2,0,thetaq,wigner) - 2*Sqrt(6)*q2y*q3y*Ybra(2,2,2,2,thetapp,phipp,thetaqp,phiqp,wigner)*Yket(2,0,2,0,thetaq,wigner) + 2*Ybra(2,-2,2,2,thetapp,phipp,thetaqp,phiqp,wigner)*(6*q2z*q3z*Yket(2,-2,2,0,thetaq,wigner) - 3*(q2z*(q3x - Complex(0,1)*q3y) + (q2x - Complex(0,1)*q2y)*q3z)*Yket(2,-1,2,0,thetaq,wigner) + Sqrt(6)*(q2x - Complex(0,1)*q2y)*(q3x - Complex(0,1)*q3y)*Yket(2,0,2,0,thetaq,wigner)) + Sqrt(6)*q2z*q3x*Ybra(2,0,2,2,thetapp,phipp,thetaqp,phiqp,wigner)*Yket(2,1,2,0,thetaq,wigner) - Complex(0,1)*Sqrt(6)*q2z*q3y*Ybra(2,0,2,2,thetapp,phipp,thetaqp,phiqp,wigner)*Yket(2,1,2,0,thetaq,wigner) + Sqrt(6)*q2x*q3z*Ybra(2,0,2,2,thetapp,phipp,thetaqp,phiqp,wigner)*Yket(2,1,2,0,thetaq,wigner) - Complex(0,1)*Sqrt(6)*q2y*q3z*Ybra(2,0,2,2,thetapp,phipp,thetaqp,phiqp,wigner)*Yket(2,1,2,0,thetaq,wigner) + 6*q2x*q3x*Ybra(2,1,2,2,thetapp,phipp,thetaqp,phiqp,wigner)*Yket(2,1,2,0,thetaq,wigner) + 6*q2y*q3y*Ybra(2,1,2,2,thetapp,phipp,thetaqp,phiqp,wigner)*Yket(2,1,2,0,thetaq,wigner) + 6*q2z*q3x*Ybra(2,2,2,2,thetapp,phipp,thetaqp,phiqp,wigner)*Yket(2,1,2,0,thetaq,wigner) + Complex(0,6)*q2z*q3y*Ybra(2,2,2,2,thetapp,phipp,thetaqp,phiqp,wigner)*Yket(2,1,2,0,thetaq,wigner) + 6*q2x*q3z*Ybra(2,2,2,2,thetapp,phipp,thetaqp,phiqp,wigner)*Yket(2,1,2,0,thetaq,wigner) + Complex(0,6)*q2y*q3z*Ybra(2,2,2,2,thetapp,phipp,thetaqp,phiqp,wigner)*Yket(2,1,2,0,thetaq,wigner) - Ybra(2,-1,2,2,thetapp,phipp,thetaqp,phiqp,wigner)*(6*(q2z*(q3x + Complex(0,1)*q3y) + (q2x + Complex(0,1)*q2y)*q3z)*Yket(2,-2,2,0,thetaq,wigner) - 6*(q2x*q3x + q2y*q3y)*Yket(2,-1,2,0,thetaq,wigner) + Sqrt(6)*q2z*q3x*Yket(2,0,2,0,thetaq,wigner) - Complex(0,1)*Sqrt(6)*q2z*q3y*Yket(2,0,2,0,thetaq,wigner) + Sqrt(6)*q2x*q3z*Yket(2,0,2,0,thetaq,wigner) - Complex(0,1)*Sqrt(6)*q2y*q3z*Yket(2,0,2,0,thetaq,wigner) - 6*q2x*q3x*Yket(2,1,2,0,thetaq,wigner) + Complex(0,6)*q2y*q3x*Yket(2,1,2,0,thetaq,wigner) + Complex(0,6)*q2x*q3y*Yket(2,1,2,0,thetaq,wigner) + 6*q2y*q3y*Yket(2,1,2,0,thetaq,wigner)) + 2*Sqrt(6)*q2x*q3x*Ybra(2,0,2,2,thetapp,phipp,thetaqp,phiqp,wigner)*Yket(2,2,2,0,thetaq,wigner) - Complex(0,2)*Sqrt(6)*q2y*q3x*Ybra(2,0,2,2,thetapp,phipp,thetaqp,phiqp,wigner)*Yket(2,2,2,0,thetaq,wigner) - Complex(0,2)*Sqrt(6)*q2x*q3y*Ybra(2,0,2,2,thetapp,phipp,thetaqp,phiqp,wigner)*Yket(2,2,2,0,thetaq,wigner) - 2*Sqrt(6)*q2y*q3y*Ybra(2,0,2,2,thetapp,phipp,thetaqp,phiqp,wigner)*Yket(2,2,2,0,thetaq,wigner) + 6*q2z*q3x*Ybra(2,1,2,2,thetapp,phipp,thetaqp,phiqp,wigner)*Yket(2,2,2,0,thetaq,wigner) - Complex(0,6)*q2z*q3y*Ybra(2,1,2,2,thetapp,phipp,thetaqp,phiqp,wigner)*Yket(2,2,2,0,thetaq,wigner) + 6*q2x*q3z*Ybra(2,1,2,2,thetapp,phipp,thetaqp,phiqp,wigner)*Yket(2,2,2,0,thetaq,wigner) - Complex(0,6)*q2y*q3z*Ybra(2,1,2,2,thetapp,phipp,thetaqp,phiqp,wigner)*Yket(2,2,2,0,thetaq,wigner) + 12*q2z*q3z*Ybra(2,2,2,2,thetapp,phipp,thetaqp,phiqp,wigner)*Yket(2,2,2,0,thetaq,wigner)));
    return mtx;
}
else if (idxbra==16 && idxket==16)
{
    mtx = -0.05*(Ftpe1*(2*Sqrt(6)*q2x*q3x*Ybra(2,0,2,2,thetapp,phipp,thetaqp,phiqp,wigner)*Yket(2,-2,2,2,thetaq,wigner) + Complex(0,2)*Sqrt(6)*q2y*q3x*Ybra(2,0,2,2,thetapp,phipp,thetaqp,phiqp,wigner)*Yket(2,-2,2,2,thetaq,wigner) + Complex(0,2)*Sqrt(6)*q2x*q3y*Ybra(2,0,2,2,thetapp,phipp,thetaqp,phiqp,wigner)*Yket(2,-2,2,2,thetaq,wigner) - 2*Sqrt(6)*q2y*q3y*Ybra(2,0,2,2,thetapp,phipp,thetaqp,phiqp,wigner)*Yket(2,-2,2,2,thetaq,wigner) - Sqrt(6)*q2z*q3x*Ybra(2,0,2,2,thetapp,phipp,thetaqp,phiqp,wigner)*Yket(2,-1,2,2,thetaq,wigner) - Complex(0,1)*Sqrt(6)*q2z*q3y*Ybra(2,0,2,2,thetapp,phipp,thetaqp,phiqp,wigner)*Yket(2,-1,2,2,thetaq,wigner) - Sqrt(6)*q2x*q3z*Ybra(2,0,2,2,thetapp,phipp,thetaqp,phiqp,wigner)*Yket(2,-1,2,2,thetaq,wigner) - Complex(0,1)*Sqrt(6)*q2y*q3z*Ybra(2,0,2,2,thetapp,phipp,thetaqp,phiqp,wigner)*Yket(2,-1,2,2,thetaq,wigner) + 6*q2x*q3x*Ybra(2,1,2,2,thetapp,phipp,thetaqp,phiqp,wigner)*Yket(2,-1,2,2,thetaq,wigner) + Complex(0,6)*q2y*q3x*Ybra(2,1,2,2,thetapp,phipp,thetaqp,phiqp,wigner)*Yket(2,-1,2,2,thetaq,wigner) + Complex(0,6)*q2x*q3y*Ybra(2,1,2,2,thetapp,phipp,thetaqp,phiqp,wigner)*Yket(2,-1,2,2,thetaq,wigner) - 6*q2y*q3y*Ybra(2,1,2,2,thetapp,phipp,thetaqp,phiqp,wigner)*Yket(2,-1,2,2,thetaq,wigner) + 8*q2x*q3x*Ybra(2,0,2,2,thetapp,phipp,thetaqp,phiqp,wigner)*Yket(2,0,2,2,thetaq,wigner) + 8*q2y*q3y*Ybra(2,0,2,2,thetapp,phipp,thetaqp,phiqp,wigner)*Yket(2,0,2,2,thetaq,wigner) - 4*q2z*q3z*Ybra(2,0,2,2,thetapp,phipp,thetaqp,phiqp,wigner)*Yket(2,0,2,2,thetaq,wigner) + Sqrt(6)*q2z*q3x*Ybra(2,1,2,2,thetapp,phipp,thetaqp,phiqp,wigner)*Yket(2,0,2,2,thetaq,wigner) + Complex(0,1)*Sqrt(6)*q2z*q3y*Ybra(2,1,2,2,thetapp,phipp,thetaqp,phiqp,wigner)*Yket(2,0,2,2,thetaq,wigner) + Sqrt(6)*q2x*q3z*Ybra(2,1,2,2,thetapp,phipp,thetaqp,phiqp,wigner)*Yket(2,0,2,2,thetaq,wigner) + Complex(0,1)*Sqrt(6)*q2y*q3z*Ybra(2,1,2,2,thetapp,phipp,thetaqp,phiqp,wigner)*Yket(2,0,2,2,thetaq,wigner) + 2*Sqrt(6)*q2x*q3x*Ybra(2,2,2,2,thetapp,phipp,thetaqp,phiqp,wigner)*Yket(2,0,2,2,thetaq,wigner) + Complex(0,2)*Sqrt(6)*q2y*q3x*Ybra(2,2,2,2,thetapp,phipp,thetaqp,phiqp,wigner)*Yket(2,0,2,2,thetaq,wigner) + Complex(0,2)*Sqrt(6)*q2x*q3y*Ybra(2,2,2,2,thetapp,phipp,thetaqp,phiqp,wigner)*Yket(2,0,2,2,thetaq,wigner) - 2*Sqrt(6)*q2y*q3y*Ybra(2,2,2,2,thetapp,phipp,thetaqp,phiqp,wigner)*Yket(2,0,2,2,thetaq,wigner) + 2*Ybra(2,-2,2,2,thetapp,phipp,thetaqp,phiqp,wigner)*(6*q2z*q3z*Yket(2,-2,2,2,thetaq,wigner) - 3*(q2z*(q3x - Complex(0,1)*q3y) + (q2x - Complex(0,1)*q2y)*q3z)*Yket(2,-1,2,2,thetaq,wigner) + Sqrt(6)*(q2x - Complex(0,1)*q2y)*(q3x - Complex(0,1)*q3y)*Yket(2,0,2,2,thetaq,wigner)) + Sqrt(6)*q2z*q3x*Ybra(2,0,2,2,thetapp,phipp,thetaqp,phiqp,wigner)*Yket(2,1,2,2,thetaq,wigner) - Complex(0,1)*Sqrt(6)*q2z*q3y*Ybra(2,0,2,2,thetapp,phipp,thetaqp,phiqp,wigner)*Yket(2,1,2,2,thetaq,wigner) + Sqrt(6)*q2x*q3z*Ybra(2,0,2,2,thetapp,phipp,thetaqp,phiqp,wigner)*Yket(2,1,2,2,thetaq,wigner) - Complex(0,1)*Sqrt(6)*q2y*q3z*Ybra(2,0,2,2,thetapp,phipp,thetaqp,phiqp,wigner)*Yket(2,1,2,2,thetaq,wigner) + 6*q2x*q3x*Ybra(2,1,2,2,thetapp,phipp,thetaqp,phiqp,wigner)*Yket(2,1,2,2,thetaq,wigner) + 6*q2y*q3y*Ybra(2,1,2,2,thetapp,phipp,thetaqp,phiqp,wigner)*Yket(2,1,2,2,thetaq,wigner) + 6*q2z*q3x*Ybra(2,2,2,2,thetapp,phipp,thetaqp,phiqp,wigner)*Yket(2,1,2,2,thetaq,wigner) + Complex(0,6)*q2z*q3y*Ybra(2,2,2,2,thetapp,phipp,thetaqp,phiqp,wigner)*Yket(2,1,2,2,thetaq,wigner) + 6*q2x*q3z*Ybra(2,2,2,2,thetapp,phipp,thetaqp,phiqp,wigner)*Yket(2,1,2,2,thetaq,wigner) + Complex(0,6)*q2y*q3z*Ybra(2,2,2,2,thetapp,phipp,thetaqp,phiqp,wigner)*Yket(2,1,2,2,thetaq,wigner) - Ybra(2,-1,2,2,thetapp,phipp,thetaqp,phiqp,wigner)*(6*(q2z*(q3x + Complex(0,1)*q3y) + (q2x + Complex(0,1)*q2y)*q3z)*Yket(2,-2,2,2,thetaq,wigner) - 6*(q2x*q3x + q2y*q3y)*Yket(2,-1,2,2,thetaq,wigner) + Sqrt(6)*q2z*q3x*Yket(2,0,2,2,thetaq,wigner) - Complex(0,1)*Sqrt(6)*q2z*q3y*Yket(2,0,2,2,thetaq,wigner) + Sqrt(6)*q2x*q3z*Yket(2,0,2,2,thetaq,wigner) - Complex(0,1)*Sqrt(6)*q2y*q3z*Yket(2,0,2,2,thetaq,wigner) - 6*q2x*q3x*Yket(2,1,2,2,thetaq,wigner) + Complex(0,6)*q2y*q3x*Yket(2,1,2,2,thetaq,wigner) + Complex(0,6)*q2x*q3y*Yket(2,1,2,2,thetaq,wigner) + 6*q2y*q3y*Yket(2,1,2,2,thetaq,wigner)) + 2*Sqrt(6)*q2x*q3x*Ybra(2,0,2,2,thetapp,phipp,thetaqp,phiqp,wigner)*Yket(2,2,2,2,thetaq,wigner) - Complex(0,2)*Sqrt(6)*q2y*q3x*Ybra(2,0,2,2,thetapp,phipp,thetaqp,phiqp,wigner)*Yket(2,2,2,2,thetaq,wigner) - Complex(0,2)*Sqrt(6)*q2x*q3y*Ybra(2,0,2,2,thetapp,phipp,thetaqp,phiqp,wigner)*Yket(2,2,2,2,thetaq,wigner) - 2*Sqrt(6)*q2y*q3y*Ybra(2,0,2,2,thetapp,phipp,thetaqp,phiqp,wigner)*Yket(2,2,2,2,thetaq,wigner) + 6*q2z*q3x*Ybra(2,1,2,2,thetapp,phipp,thetaqp,phiqp,wigner)*Yket(2,2,2,2,thetaq,wigner) - Complex(0,6)*q2z*q3y*Ybra(2,1,2,2,thetapp,phipp,thetaqp,phiqp,wigner)*Yket(2,2,2,2,thetaq,wigner) + 6*q2x*q3z*Ybra(2,1,2,2,thetapp,phipp,thetaqp,phiqp,wigner)*Yket(2,2,2,2,thetaq,wigner) - Complex(0,6)*q2y*q3z*Ybra(2,1,2,2,thetapp,phipp,thetaqp,phiqp,wigner)*Yket(2,2,2,2,thetaq,wigner) + 12*q2z*q3z*Ybra(2,2,2,2,thetapp,phipp,thetaqp,phiqp,wigner)*Yket(2,2,2,2,thetaq,wigner)));
    return mtx;
}
